date,location,population,dose_1,dose_2,total_doses_administered,percent_pop_1_dose,percent_pop_2_doses,dose_3,percent_pop_3_doses
2021-04-25,Calgary Zone,1734169,437415,99025,536440,25.2,5.7,0,0
2021-04-25,Central Zone,478116,118533,30922,149455,24.8,6.5,0,0
2021-04-25,Edmonton Zone,1462199,413167,98392,511559,28.3,6.7,0,0
2021-04-25,North Zone,482199,90447,22161,112608,18.8,4.6,0,0
2021-04-25,South Zone,313960,84855,23689,108544,27,7.5,0,0
2021-04-26,Calgary Zone,1734169,449455,101310,550765,25.9,5.8,0,0
2021-04-26,Central Zone,478116,120204,31525,151729,25.1,6.6,0,0
2021-04-26,Edmonton Zone,1462199,421755,99876,521631,28.8,6.8,0,0
2021-04-26,North Zone,482199,92482,22366,114848,19.2,4.6,0,0
2021-04-26,South Zone,313960,86493,23861,110354,27.5,7.6,0,0
2021-04-27,Calgary Zone,1734169,461622,103308,564930,26.6,6,0,0
2021-04-27,Central Zone,478116,122327,31897,154224,25.6,6.7,0,0
2021-04-27,Edmonton Zone,1462199,428854,100537,529391,29.3,6.9,0,0
2021-04-27,North Zone,482199,94699,22548,117247,19.6,4.7,0,0
2021-04-27,South Zone,313960,87759,24428,112187,28,7.8,0,0
2021-04-28,Calgary Zone,1734169,472893,105418,578311,27.3,6.1,0,0
2021-04-28,Central Zone,478116,124847,32354,157201,26.1,6.8,0,0
2021-04-28,Edmonton Zone,1462199,438854,101560,540414,30,6.9,0,0
2021-04-28,North Zone,482199,96987,22822,119809,20.1,4.7,0,0
2021-04-28,South Zone,313960,88863,24779,113642,28.3,7.9,0,0
2021-04-29,Calgary Zone,1734169,486650,107189,593839,28.1,6.2,0,0
2021-04-29,Central Zone,478116,127081,32892,159973,26.6,6.9,0,0
2021-04-29,Edmonton Zone,1462199,449132,102501,551633,30.7,7,0,0
2021-04-29,North Zone,482199,99837,23009,122846,20.7,4.8,0,0
2021-04-29,South Zone,313960,90104,24931,115035,28.7,7.9,0,0
2021-04-30,Calgary Zone,1734169,500403,108590,608993,28.9,6.3,0,0
2021-04-30,Central Zone,478116,129059,33283,162342,27,7,0,0
2021-04-30,Edmonton Zone,1462199,460139,103514,563653,31.5,7.1,0,0
2021-04-30,North Zone,482199,102131,23111,125242,21.2,4.8,0,0
2021-04-30,South Zone,313960,91902,25179,117081,29.3,8,0,0
2021-05-01,Calgary Zone,1734169,509844,109005,618849,29.4,6.3,0,0
2021-05-01,Central Zone,478116,130944,33359,164303,27.4,7,0,0
2021-05-01,Edmonton Zone,1462199,469200,103793,572993,32.1,7.1,0,0
2021-05-01,North Zone,482199,103178,23115,126293,21.4,4.8,0,0
2021-05-01,South Zone,313960,93280,25230,118510,29.7,8,0,0
2021-05-02,Calgary Zone,1734169,516207,109285,625492,29.8,6.3,0,0
2021-05-02,Central Zone,478116,132172,33350,165522,27.6,7,0,0
2021-05-02,Edmonton Zone,1462199,476561,103501,580062,32.6,7.1,0,0
2021-05-02,North Zone,482199,105341,23156,128497,21.8,4.8,0,0
2021-05-02,South Zone,313960,94113,25244,119357,30,8,0,0
2021-05-03,Calgary Zone,1734169,525981,110217,636198,30.3,6.4,0,0
2021-05-03,Central Zone,478116,134375,33722,168097,28.1,7.1,0,0
2021-05-03,Edmonton Zone,1462199,484674,104072,588746,33.1,7.1,0,0
2021-05-03,North Zone,482199,108860,23305,132165,22.6,4.8,0,0
2021-05-03,South Zone,313960,96655,25385,122040,30.8,8.1,0,0
2021-05-04,Calgary Zone,1734169,535073,111211,646284,30.9,6.4,0,0
2021-05-04,Central Zone,478116,137228,34035,171263,28.7,7.1,0,0
2021-05-04,Edmonton Zone,1462199,491494,104636,596130,33.6,7.2,0,0
2021-05-04,North Zone,482199,112604,23444,136048,23.4,4.9,0,0
2021-05-04,South Zone,313960,98625,25563,124188,31.4,8.1,0,0
2021-05-05,Calgary Zone,1734169,548931,112629,661560,31.7,6.5,0,0
2021-05-05,Central Zone,478116,141180,34379,175559,29.5,7.2,0,0
2021-05-05,Edmonton Zone,1462199,502490,105251,607741,34.4,7.2,0,0
2021-05-05,North Zone,482199,117371,23772,141143,24.3,4.9,0,0
2021-05-05,South Zone,313960,100819,25734,126553,32.1,8.2,0,0
2021-05-06,Calgary Zone,1734169,571477,114474,685951,33,6.6,0,0
2021-05-06,Central Zone,478116,146924,34728,181652,30.7,7.3,0,0
2021-05-06,Edmonton Zone,1462199,520161,106070,626231,35.6,7.3,0,0
2021-05-06,North Zone,482199,123178,23949,147127,25.5,5,0,0
2021-05-06,South Zone,313960,104637,25855,130492,33.3,8.2,0,0
2021-05-07,Calgary Zone,1734169,592565,115846,708411,34.2,6.7,0,0
2021-05-07,Central Zone,478116,151799,34971,186770,31.7,7.3,0,0
2021-05-07,Edmonton Zone,1462199,537922,106977,644899,36.8,7.3,0,0
2021-05-07,North Zone,482199,127527,24075,151602,26.4,5,0,0
2021-05-07,South Zone,313960,108324,25944,134268,34.5,8.3,0,0
2021-05-08,Calgary Zone,1734169,609230,116846,726076,35.1,6.7,0,0
2021-05-08,Central Zone,478116,155130,35101,190231,32.4,7.3,0,0
2021-05-08,Edmonton Zone,1462199,553348,107579,660927,37.8,7.4,0,0
2021-05-08,North Zone,482199,130057,24142,154199,27,5,0,0
2021-05-08,South Zone,313960,110994,25997,136991,35.4,8.3,0,0
2021-05-09,Calgary Zone,1734169,618940,117389,736329,35.7,6.8,0,0
2021-05-09,Central Zone,478116,156739,35201,191940,32.8,7.4,0,0
2021-05-09,Edmonton Zone,1462199,562959,107929,670888,38.5,7.4,0,0
2021-05-09,North Zone,482199,131190,24217,155407,27.2,5,0,0
2021-05-09,South Zone,313960,113247,26039,139286,36.1,8.3,0,0
2021-05-10,Calgary Zone,1734169,631164,117831,748995,36.4,6.8,0,0
2021-05-10,Central Zone,478116,159355,35365,194720,33.3,7.4,0,0
2021-05-10,Edmonton Zone,1462199,571758,108187,679945,39.1,7.4,0,0
2021-05-10,North Zone,482199,133770,24320,158090,27.7,5,0,0
2021-05-10,South Zone,313960,116318,26104,142422,37,8.3,0,0
2021-05-11,Calgary Zone,1734169,643953,118249,762202,37.1,6.8,0,0
2021-05-11,Central Zone,478116,161708,35558,197266,33.8,7.4,0,0
2021-05-11,Edmonton Zone,1462199,579731,108557,688288,39.6,7.4,0,0
2021-05-11,North Zone,482199,135985,24653,160638,28.2,5.1,0,0
2021-05-11,South Zone,313960,118766,26262,145028,37.8,8.4,0,0
2021-05-12,Calgary Zone,1734169,661509,118665,780174,38.1,6.8,0,0
2021-05-12,Central Zone,478116,165634,35739,201373,34.6,7.5,0,0
2021-05-12,Edmonton Zone,1462199,593787,108722,702509,40.6,7.4,0,0
2021-05-12,North Zone,482199,139590,24799,164389,28.9,5.1,0,0
2021-05-12,South Zone,313960,122271,26346,148617,38.9,8.4,0,0
2021-05-13,Calgary Zone,1734169,687912,119571,807483,39.7,6.9,0,0
2021-05-13,Central Zone,478116,171636,35968,207604,35.9,7.5,0,0
2021-05-13,Edmonton Zone,1462199,615128,109229,724357,42.1,7.5,0,0
2021-05-13,North Zone,482199,145248,25235,170483,30.1,5.2,0,0
2021-05-13,South Zone,313960,126000,26468,152468,40.1,8.4,0,0
2021-05-14,Calgary Zone,1734169,711422,120346,831768,41,6.9,0,0
2021-05-14,Central Zone,478116,177014,36143,213157,37,7.6,0,0
2021-05-14,Edmonton Zone,1462199,634834,109848,744682,43.4,7.5,0,0
2021-05-14,North Zone,482199,149535,25531,175066,31,5.3,0,0
2021-05-14,South Zone,313960,129220,26579,155799,41.2,8.5,0,0
2021-05-15,Calgary Zone,1734169,730493,120810,851303,42.1,7,0,0
2021-05-15,Central Zone,478116,180333,36327,216660,37.7,7.6,0,0
2021-05-15,Edmonton Zone,1462199,652064,110373,762437,44.6,7.5,0,0
2021-05-15,North Zone,482199,151892,25649,177541,31.5,5.3,0,0
2021-05-15,South Zone,313960,131593,26639,158232,41.9,8.5,0,0
2021-05-16,Calgary Zone,1737119,740349,121006,861355,42.6,7,,
2021-05-16,Central Zone,479721,181683,36316,217999,37.9,7.6,,
2021-05-16,Edmonton Zone,1465812,662487,110617,773104,45.2,7.5,,
2021-05-16,North Zone,484163,151873,25777,177650,31.4,5.3,,
2021-05-16,South Zone,314722,132886,26631,159517,42.2,8.5,,
2021-05-17,Calgary Zone,1737119,740349,121006,861355,42.6,7,,
2021-05-17,Central Zone,479721,181683,36316,217999,37.9,7.6,,
2021-05-17,Edmonton Zone,1465812,662487,110617,773104,45.2,7.5,,
2021-05-17,North Zone,484163,151873,25777,177650,31.4,5.3,,
2021-05-17,South Zone,314722,132886,26631,159517,42.2,8.5,,
2021-05-18,Calgary Zone,1737119,765447,121966,887413,44.1,7,,
2021-05-18,Central Zone,479721,185959,36719,222678,38.8,7.7,,
2021-05-18,Edmonton Zone,1465812,676736,111535,788271,46.2,7.6,,
2021-05-18,North Zone,484163,156930,26170,183100,32.4,5.4,,
2021-05-18,South Zone,314722,136102,26923,163025,43.2,8.6,,
2021-05-19,Calgary Zone,1737119,782142,122775,904917,45,7.1,,
2021-05-19,Central Zone,479721,188742,37100,225842,39.3,7.7,,
2021-05-19,Edmonton Zone,1465812,688127,112408,800535,46.9,7.7,,
2021-05-19,North Zone,484163,160961,26763,187724,33.2,5.5,,
2021-05-19,South Zone,314722,137991,27127,165118,43.8,8.6,,
2021-05-20,Calgary Zone,1737119,815532,124585,940117,46.9,7.2,,
2021-05-20,Central Zone,479721,196225,37778,234003,40.9,7.9,,
2021-05-20,Edmonton Zone,1465812,717132,114676,831808,48.9,7.8,,
2021-05-20,North Zone,484163,168993,27747,196740,34.9,5.7,,
2021-05-20,South Zone,314722,143233,27698,170931,45.5,8.8,,
2021-05-21,Calgary Zone,1737119,839246,125999,965245,48.3,7.3,,
2021-05-21,Central Zone,479721,199733,38268,238001,41.6,8,,
2021-05-21,Edmonton Zone,1465812,735502,116409,851911,50.2,7.9,,
2021-05-21,North Zone,484163,173404,28343,201747,35.8,5.9,,
2021-05-21,South Zone,314722,145898,28092,173990,46.4,8.9,,
2021-05-22,Calgary Zone,1737119,859369,127627,986996,49.5,7.3,,
2021-05-22,Central Zone,479721,202146,38799,240945,42.1,8.1,,
2021-05-22,Edmonton Zone,1465812,749675,118263,867938,51.1,8.1,,
2021-05-22,North Zone,484163,176097,28720,204817,36.4,5.9,,
2021-05-22,South Zone,314722,147813,28229,176042,47,9,,
2021-05-23,Calgary Zone,1737119,870697,128214,998911,50.1,7.4,,
2021-05-23,Central Zone,479721,203229,38906,242135,42.4,8.1,,
2021-05-23,Edmonton Zone,1465812,758632,119103,877735,51.8,8.1,,
2021-05-23,North Zone,484163,177176,28863,206039,36.6,6,,
2021-05-23,South Zone,314722,148711,28301,177012,47.3,9,,
2021-05-24,Calgary Zone,1737119,881080,128563,1009643,50.7,7.4,,
2021-05-24,Central Zone,479721,203482,39023,242505,42.4,8.1,,
2021-05-24,Edmonton Zone,1465812,764734,119602,884336,52.2,8.2,,
2021-05-24,North Zone,484163,178484,29000,207484,36.9,6,,
2021-05-24,South Zone,314722,149520,28369,177889,47.5,9,,
2021-05-25,Calgary Zone,1737119,892410,129923,1022333,51.4,7.5,,
2021-05-25,Central Zone,479721,204824,39499,244323,42.7,8.2,,
2021-05-25,Edmonton Zone,1465812,771506,120853,892359,52.6,8.2,,
2021-05-25,North Zone,484163,181086,29367,210453,37.4,6.1,,
2021-05-25,South Zone,314722,150558,28659,179217,47.8,9.1,,
2021-05-26,Calgary Zone,1737119,906142,131726,1037868,52.2,7.6,,
2021-05-26,Central Zone,479721,207361,40261,247622,43.2,8.4,,
2021-05-26,Edmonton Zone,1465812,782300,123126,905426,53.4,8.4,,
2021-05-26,North Zone,484163,183891,30052,213943,38,6.2,,
2021-05-26,South Zone,314722,151803,29190,180993,48.2,9.3,,
2021-05-27,Calgary Zone,1737119,928127,134981,1063108,53.4,7.8,,
2021-05-27,Central Zone,479721,210203,41394,251597,43.8,8.6,,
2021-05-27,Edmonton Zone,1465812,796617,125829,922446,54.3,8.6,,
2021-05-27,North Zone,484163,187749,30804,218553,38.8,6.4,,
2021-05-27,South Zone,314722,153219,29707,182926,48.7,9.4,,
2021-05-28,Calgary Zone,1737119,951543,138727,1090270,54.8,8,,
2021-05-28,Central Zone,479721,212667,42495,255162,44.3,8.9,,
2021-05-28,Edmonton Zone,1465812,809196,128871,938067,55.2,8.8,,
2021-05-28,North Zone,484163,190936,31583,222519,39.4,6.5,,
2021-05-28,South Zone,314722,154897,30159,185056,49.2,9.6,,
2021-05-29,Calgary Zone,1737119,967519,141994,1109513,55.7,8.2,,
2021-05-29,Central Zone,479721,214330,43217,257547,44.7,9,,
2021-05-29,Edmonton Zone,1465812,820164,131448,951612,56,9,,
2021-05-29,North Zone,484163,192910,31978,224888,39.8,6.6,,
2021-05-29,South Zone,314722,156069,30381,186450,49.6,9.7,,
2021-05-30,Calgary Zone,1737119,977491,143391,1120882,56.3,8.3,,
2021-05-30,Central Zone,479721,214764,43395,258159,44.8,9,,
2021-05-30,Edmonton Zone,1465812,827311,132694,960005,56.4,9.1,,
2021-05-30,North Zone,484163,193639,32090,225729,40,6.6,,
2021-05-30,South Zone,314722,156492,30450,186942,49.7,9.7,,
2021-05-31,Calgary Zone,1737119,990658,146131,1136789,57,8.4,,
2021-05-31,Central Zone,479721,215929,44217,260146,45,9.2,,
2021-05-31,Edmonton Zone,1465812,834106,134687,968793,56.9,9.2,,
2021-05-31,North Zone,484163,195386,32697,228083,40.4,6.8,,
2021-05-31,South Zone,314722,157377,30805,188182,50,9.8,,
2021-06-01,Calgary Zone,1737119,1002574,149366,1151940,57.7,8.6,,
2021-06-01,Central Zone,479721,216858,45215,262073,45.2,9.4,,
2021-06-01,Edmonton Zone,1465812,838082,137084,975166,57.2,9.4,,
2021-06-01,North Zone,484163,197167,33407,230574,40.7,6.9,,
2021-06-01,South Zone,314722,157861,31273,189134,50.2,9.9,,
2021-06-02,Calgary Zone,1737119,1013793,156778,1170571,58.4,9,,
2021-06-02,Central Zone,479721,218090,49630,267720,45.5,10.3,,
2021-06-02,Edmonton Zone,1465812,846922,143729,990651,57.8,9.8,,
2021-06-02,North Zone,484163,198605,35368,233973,41,7.3,,
2021-06-02,South Zone,314722,158461,33641,192102,50.3,10.7,,
2021-06-03,Calgary Zone,1737119,1026907,170118,1197025,59.1,9.8,,
2021-06-03,Central Zone,479721,219540,54622,274162,45.8,11.4,,
2021-06-03,Edmonton Zone,1465812,856658,156812,1013470,58.4,10.7,,
2021-06-03,North Zone,484163,200723,37957,238680,41.5,7.8,,
2021-06-03,South Zone,314722,159263,36743,196006,50.6,11.7,,
2021-06-04,Calgary Zone,1737119,1039266,183279,1222545,59.8,10.6,,
2021-06-04,Central Zone,479721,220888,58705,279593,46,12.2,,
2021-06-04,Edmonton Zone,1465812,864461,170581,1035042,59,11.6,,
2021-06-04,North Zone,484163,202526,40374,242900,41.8,8.3,,
2021-06-04,South Zone,314722,160186,39517,199703,50.9,12.6,,
2021-06-05,Calgary Zone,1737119,1047892,195408,1243300,60.3,11.2,,
2021-06-05,Central Zone,479721,221723,60746,282469,46.2,12.7,,
2021-06-05,Edmonton Zone,1465812,871126,180037,1051163,59.4,12.3,,
2021-06-05,North Zone,484163,203301,41883,245184,42,8.7,,
2021-06-05,South Zone,314722,160632,41035,201667,51,13,,
2021-06-06,Calgary Zone,1737119,1053931,202331,1256262,60.7,11.6,,
2021-06-06,Central Zone,479721,221942,61572,283514,46.3,12.8,,
2021-06-06,Edmonton Zone,1465812,874238,186565,1060803,59.6,12.7,,
2021-06-06,North Zone,484163,203771,42846,246617,42.1,8.8,,
2021-06-06,South Zone,314722,160891,42158,203049,51.1,13.4,,
2021-06-07,Calgary Zone,1737119,1060567,212766,1273333,61.1,12.2,,
2021-06-07,Central Zone,479721,222731,64919,287650,46.4,13.5,,
2021-06-07,Edmonton Zone,1465812,877250,195363,1072613,59.8,13.3,,
2021-06-07,North Zone,484163,204593,45409,250002,42.3,9.4,,
2021-06-07,South Zone,314722,161227,44444,205671,51.2,14.1,,
2021-06-08,Calgary Zone,1737119,1066023,222281,1288304,61.4,12.8,,
2021-06-08,Central Zone,479721,223553,68341,291894,46.6,14.2,,
2021-06-08,Edmonton Zone,1465812,879345,202516,1081861,60,13.8,,
2021-06-08,North Zone,484163,205634,47856,253490,42.5,9.9,,
2021-06-08,South Zone,314722,161535,46850,208385,51.3,14.9,,
2021-06-09,Calgary Zone,1737119,1071563,234634,1306197,61.7,13.5,,
2021-06-09,Central Zone,479721,224521,71865,296386,46.8,15,,
2021-06-09,Edmonton Zone,1465812,882743,213945,1096688,60.2,14.6,,
2021-06-09,North Zone,484163,206770,50664,257434,42.7,10.5,,
2021-06-09,South Zone,314722,162096,49508,211604,51.5,15.7,,
2021-06-14,Calgary Zone,1737119,1090094,322487,1412581,62.8,18.6,,
2021-06-14,Central Zone,479721,228800,89540,318340,47.7,18.7,,
2021-06-14,Edmonton Zone,1465812,897829,282506,1180335,61.3,19.3,,
2021-06-14,North Zone,484163,210968,64611,275579,43.6,13.3,,
2021-06-14,South Zone,314722,164235,62001,226236,52.2,19.7,,
2021-06-15,Calgary Zone,1737119,1092269,338836,1431105,62.9,19.5,,
2021-06-15,Central Zone,479721,229468,93342,322810,47.8,19.5,,
2021-06-15,Edmonton Zone,1465812,899469,296318,1195787,61.4,20.2,,
2021-06-15,North Zone,484163,211678,68569,280247,43.7,14.2,,
2021-06-15,South Zone,314722,164565,65293,229858,52.3,20.7,,
2021-06-16,Calgary Zone,1737119,1094837,357485,1452322,63,20.6,,
2021-06-16,Central Zone,479721,230198,97276,327474,48,20.3,,
2021-06-16,Edmonton Zone,1465812,901349,311389,1212738,61.5,21.2,,
2021-06-16,North Zone,484163,212285,71804,284089,43.8,14.8,,
2021-06-16,South Zone,314722,164888,68426,233314,52.4,21.7,,
2021-06-19,Calgary Zone,1737119,1104933,427300,1532233,63.6,24.6,,
2021-06-19,Central Zone,479721,233031,111592,344623,48.6,23.3,,
2021-06-19,Edmonton Zone,1465812,910977,368966,1279943,62.1,25.2,,
2021-06-19,North Zone,484163,214776,84379,299155,44.4,17.4,,
2021-06-19,South Zone,314722,166313,79738,246051,52.8,25.3,,
2021-06-20,Calgary Zone,1737119,1106486,438359,1544845,63.7,25.2,,
2021-06-20,Central Zone,479721,233219,112712,345931,48.6,23.5,,
2021-06-20,Edmonton Zone,1465812,912165,378821,1290986,62.2,25.8,,
2021-06-20,North Zone,484163,215038,85796,300834,44.4,17.7,,
2021-06-20,South Zone,314722,166516,81785,248301,52.9,26,,
2021-06-21,Calgary Zone,1737119,1108602,454393,1562995,63.8,26.2,,
2021-06-21,Central Zone,479721,233801,116054,349855,48.7,24.2,,
2021-06-21,Edmonton Zone,1465812,913486,393658,1307144,62.3,26.9,,
2021-06-21,North Zone,484163,215601,90021,305622,44.5,18.6,,
2021-06-21,South Zone,314722,166991,86007,252998,53.1,27.3,,
2021-06-22,Calgary Zone,1737119,1110732,471727,1582459,63.9,27.2,,
2021-06-22,Central Zone,479721,234413,120567,354980,48.9,25.1,,
2021-06-22,Edmonton Zone,1465812,914732,407479,1322211,62.4,27.8,,
2021-06-22,North Zone,484163,216234,94195,310429,44.7,19.5,,
2021-06-22,South Zone,314722,167530,90179,257709,53.2,28.7,,
2021-06-23,Calgary Zone,1737119,1112569,491306,1603875,64,28.3,,
2021-06-23,Central Zone,479721,235141,126254,361395,49,26.3,,
2021-06-23,Edmonton Zone,1465812,916650,427624,1344274,62.5,29.2,,
2021-06-23,North Zone,484163,216938,99010,315948,44.8,20.4,,
2021-06-23,South Zone,314722,167942,93973,261915,53.4,29.9,,
2021-06-27,Calgary Zone,1737119,1120448,586178,1706626,64.5,33.7,,
2021-06-27,Central Zone,479721,237339,141854,379193,49.5,29.6,,
2021-06-27,Edmonton Zone,1465812,923734,500248,1423982,63,34.1,,
2021-06-27,North Zone,484163,218884,114743,333627,45.2,23.7,,
2021-06-27,South Zone,314722,169252,108115,277367,53.8,34.4,,
2021-06-28,Calgary Zone,1710558,1122865,614073,1736938,65.6,35.9,,
2021-06-28,Central Zone,476672,238091,147435,385526,49.9,30.9,,
2021-06-28,Edmonton Zone,1442008,925896,519795,1445691,64.2,36,,
2021-06-28,North Zone,480925,219628,120585,340213,45.7,25.1,,
2021-06-28,South Zone,311515,169629,112848,282477,54.5,36.2,,
2021-06-29,Calgary Zone,1710558,1125087,641470,1766557,65.8,37.5,,
2021-06-29,Central Zone,476672,238738,152643,391381,50.1,32,,
2021-06-29,Edmonton Zone,1442008,927532,538291,1465823,64.3,37.3,,
2021-06-29,North Zone,480925,220250,126493,346743,45.8,26.3,,
2021-06-29,South Zone,311515,169978,116849,286827,54.6,37.5,,
2021-07-01,Calgary Zone,1710558,1128417,681849,1810266,66,39.9,,
2021-07-01,Central Zone,476672,239703,160032,399735,50.3,33.6,,
2021-07-01,Edmonton Zone,1442008,930034,568726,1498760,64.5,39.4,,
2021-07-01,North Zone,480925,221063,134251,355314,46,27.9,,
2021-07-01,South Zone,311515,170587,122202,292789,54.8,39.2,,
2021-07-04,Calgary Zone,1710558,1132745,741064,1873809,66.2,43.3,,
2021-07-04,Central Zone,476672,240670,168433,409103,50.5,35.3,,
2021-07-04,Edmonton Zone,1442008,933992,618160,1552152,64.8,42.9,,
2021-07-04,North Zone,480925,222088,143937,366025,46.2,29.9,,
2021-07-04,South Zone,311515,171256,129196,300452,55,41.5,,
2021-07-05,Calgary Zone,1710558,1134560,762787,1897347,66.3,44.6,,
2021-07-05,Central Zone,476672,241198,172159,413357,50.6,36.1,,
2021-07-05,Edmonton Zone,1442008,935149,631390,1566539,64.9,43.8,,
2021-07-05,North Zone,480925,222604,148706,371310,46.3,30.9,,
2021-07-05,South Zone,311515,171575,132219,303794,55.1,42.4,,
2021-07-06,Calgary Zone,1710558,1135764,774851,1910615,66.4,45.3,,
2021-07-06,Central Zone,476672,241775,175706,417481,50.7,36.9,,
2021-07-06,Edmonton Zone,1442008,936683,648310,1584993,65,45,,
2021-07-06,North Zone,480925,223332,153824,377156,46.4,32,,
2021-07-06,South Zone,311515,172168,134497,306665,55.3,43.2,,
2021-07-07,Calgary Zone,1710558,1137849,798830,1936679,66.5,46.7,,
2021-07-07,Central Zone,476672,242383,178978,421361,50.8,37.5,,
2021-07-07,Edmonton Zone,1442008,938371,663399,1601770,65.1,46,,
2021-07-07,North Zone,480925,223918,158743,382661,46.6,33,,
2021-07-07,South Zone,311515,172477,136586,309063,55.4,43.8,,
2021-07-08,Calgary Zone,1710558,1140334,819237,1959571,66.7,47.9,,
2021-07-08,Central Zone,476672,242811,182261,425072,50.9,38.2,,
2021-07-08,Edmonton Zone,1442008,939869,677741,1617610,65.2,47,,
2021-07-08,North Zone,480925,224442,162748,387190,46.7,33.8,,
2021-07-08,South Zone,311515,172812,138357,311169,55.5,44.4,,
2021-07-11,Calgary Zone,1710558,1144246,853767,1998013,66.9,49.9,,
2021-07-11,Central Zone,476672,243686,187180,430866,51.1,39.3,,
2021-07-11,Edmonton Zone,1442008,943391,709375,1652766,65.4,49.2,,
2021-07-11,North Zone,480925,225376,169039,394415,46.9,35.1,,
2021-07-11,South Zone,311515,173385,142084,315469,55.7,45.6,,
2021-07-12,Calgary Zone,1710558,1145612,864437,2010049,67,50.5,,
2021-07-12,Central Zone,476672,244057,189154,433211,51.2,39.7,,
2021-07-12,Edmonton Zone,1442008,944594,715886,1660480,65.5,49.6,,
2021-07-12,North Zone,480925,225759,171457,397216,46.9,35.7,,
2021-07-12,South Zone,311515,173620,143430,317050,55.7,46,,
2021-07-13,Calgary Zone,1710558,1146957,873806,2020763,67.1,51.1,,
2021-07-13,Central Zone,476672,244397,191176,435573,51.3,40.1,,
2021-07-13,Edmonton Zone,1442008,945668,721915,1667583,65.6,50.1,,
2021-07-13,North Zone,480925,226150,173699,399849,47,36.1,,
2021-07-13,South Zone,311515,173789,144461,318250,55.8,46.4,,
2021-07-14,Calgary Zone,1710558,1148249,883107,2031356,67.1,51.6,,
2021-07-14,Central Zone,476672,244799,193449,438248,51.4,40.6,,
2021-07-14,Edmonton Zone,1442008,946653,730746,1677399,65.6,50.7,,
2021-07-14,North Zone,480925,226528,175786,402314,47.1,36.6,,
2021-07-14,South Zone,311515,174849,146288,321137,56.1,47,,
2021-07-15,Calgary Zone,1710558,1149953,895816,2045769,67.2,52.4,,
2021-07-15,Central Zone,476672,245236,195909,441145,51.4,41.1,,
2021-07-15,Edmonton Zone,1442008,948040,741796,1689836,65.7,51.4,,
2021-07-15,North Zone,480925,226940,178037,404977,47.2,37,,
2021-07-15,South Zone,311515,176329,147948,324277,56.6,47.5,,
2021-07-18,Calgary Zone,1710558,1153626,925341,2078967,67.4,54.1,,
2021-07-18,Central Zone,476672,245998,200004,446002,51.6,42,,
2021-07-18,Edmonton Zone,1442008,951269,768600,1719869,66,53.3,,
2021-07-18,North Zone,480925,227645,181978,409623,47.3,37.8,,
2021-07-18,South Zone,311515,177583,151561,329144,57,48.7,,
2021-07-19,Calgary Zone,1710558,1154951,933992,2088943,67.5,54.6,,
2021-07-19,Central Zone,476672,246336,201323,447659,51.7,42.2,,
2021-07-19,Edmonton Zone,1442008,952305,775571,1727876,66,53.8,,
2021-07-19,North Zone,480925,227983,183463,411446,47.4,38.1,,
2021-07-19,South Zone,311515,177768,152343,330111,57.1,48.9,,
2021-07-20,Calgary Zone,1710558,1156184,942203,2098387,67.6,55.1,,
2021-07-20,Central Zone,476672,246624,202543,449167,51.7,42.5,,
2021-07-20,Edmonton Zone,1442008,953266,781757,1735023,66.1,54.2,,
2021-07-20,North Zone,480925,228268,184741,413009,47.5,38.4,,
2021-07-20,South Zone,311515,177918,152874,330792,57.1,49.1,,
2021-07-21,Calgary Zone,1710558,1157703,953505,2111208,67.7,55.7,,
2021-07-21,Central Zone,476672,247075,204395,451470,51.8,42.9,,
2021-07-21,Edmonton Zone,1442008,954509,791316,1745825,66.2,54.9,,
2021-07-21,North Zone,480925,228565,185953,414518,47.5,38.7,,
2021-07-21,South Zone,311515,178111,153513,331624,57.2,49.3,,
2021-07-22,Calgary Zone,1710558,1159468,965933,2125401,67.8,56.5,,
2021-07-22,Central Zone,476672,247445,205810,453255,51.9,43.2,,
2021-07-22,Edmonton Zone,1442008,955799,800259,1756058,66.3,55.5,,
2021-07-22,North Zone,480925,228934,187325,416259,47.6,39,,
2021-07-22,South Zone,311515,178305,154083,332388,57.2,49.5,,
2021-07-25,Calgary Zone,1710558,1163189,991719,2154908,68,58,,
2021-07-25,Central Zone,476672,248170,208424,456594,52.1,43.7,,
2021-07-25,Edmonton Zone,1442008,958794,822092,1780886,66.5,57,,
2021-07-25,North Zone,480925,229757,189904,419661,47.8,39.5,,
2021-07-25,South Zone,311515,178879,155629,334508,57.4,50,,
2021-07-26,Calgary Zone,1710558,1164595,999787,2164382,68.1,58.4,,
2021-07-26,Central Zone,476672,248467,209485,457952,52.1,43.9,,
2021-07-26,Edmonton Zone,1442008,959818,827701,1787519,66.6,57.4,,
2021-07-26,North Zone,480925,230056,190895,420951,47.8,39.7,,
2021-07-26,South Zone,311515,179058,156206,335264,57.5,50.1,,
2021-07-27,Calgary Zone,1710558,1165921,1007368,2173289,68.2,58.9,,
2021-07-27,Central Zone,476672,248843,210507,459350,52.2,44.2,,
2021-07-27,Edmonton Zone,1442008,960947,832369,1793316,66.6,57.7,,
2021-07-27,North Zone,480925,230355,191780,422135,47.9,39.9,,
2021-07-27,South Zone,311515,179195,156618,335813,57.5,50.3,,
2021-07-28,Calgary Zone,1710558,1167348,1014361,2181709,68.2,59.3,,
2021-07-28,Central Zone,476672,249236,211518,460754,52.3,44.4,,
2021-07-28,Edmonton Zone,1442008,962117,836974,1799091,66.7,58,,
2021-07-28,North Zone,480925,230690,192629,423319,48,40.1,,
2021-07-28,South Zone,311515,179371,157102,336473,57.6,50.4,,
2021-07-29,Calgary Zone,1710558,1168880,1020598,2189478,68.3,59.7,,
2021-07-29,Central Zone,476672,249579,212477,462056,52.4,44.6,,
2021-07-29,Edmonton Zone,1442008,963256,841706,1804962,66.8,58.4,,
2021-07-29,North Zone,480925,231013,193574,424587,48,40.3,,
2021-07-29,South Zone,311515,179560,157591,337151,57.6,50.6,,
2021-08-02,Calgary Zone,1710558,1172615,1034722,2207337,68.6,60.5,,
2021-08-02,Central Zone,476672,250240,214278,464518,52.5,45,,
2021-08-02,Edmonton Zone,1442008,966163,851541,1817704,67,59.1,,
2021-08-02,North Zone,480925,231655,195387,427042,48.2,40.6,,
2021-08-02,South Zone,311515,180100,158795,338895,57.8,51,,
2021-08-03,Calgary Zone,1710558,1173865,1038501,2212366,68.6,60.7,,
2021-08-03,Central Zone,476672,250564,215050,465614,52.6,45.1,,
2021-08-03,Edmonton Zone,1442008,967182,854301,1821483,67.1,59.2,,
2021-08-03,North Zone,480925,232027,196243,428270,48.2,40.8,,
2021-08-03,South Zone,311515,180267,159242,339509,57.9,51.1,,
2021-08-04,Calgary Zone,1710558,1175157,1042008,2217165,68.7,60.9,,
2021-08-04,Central Zone,476672,250900,215736,466636,52.6,45.3,,
2021-08-04,Edmonton Zone,1442008,968093,856779,1824872,67.1,59.4,,
2021-08-04,North Zone,480925,232288,196940,429228,48.3,41,,
2021-08-04,South Zone,311515,180468,159732,340200,57.9,51.3,,
2021-08-05,Calgary Zone,1710558,1176208,1045254,2221462,68.8,61.1,,
2021-08-05,Central Zone,476672,251163,216419,467582,52.7,45.4,,
2021-08-05,Edmonton Zone,1442008,968945,859433,1828378,67.2,59.6,,
2021-08-05,North Zone,480925,232627,197757,430384,48.4,41.1,,
2021-08-05,South Zone,311515,180676,160168,340844,58,51.4,,
2021-08-08,Calgary Zone,1710558,1178672,1052820,2231492,68.9,61.5,,
2021-08-08,Central Zone,476672,251669,217760,469429,52.8,45.7,,
2021-08-08,Edmonton Zone,1442008,971111,866207,1837318,67.3,60.1,,
2021-08-08,North Zone,480925,233212,199177,432389,48.5,41.4,,
2021-08-08,South Zone,311515,181005,161000,342005,58.1,51.7,,
2021-08-09,Calgary Zone,1710558,1179587,1055273,2234860,69,61.7,,
2021-08-09,Central Zone,476672,251975,218384,470359,52.9,45.8,,
2021-08-09,Edmonton Zone,1442008,971867,868193,1840060,67.4,60.2,,
2021-08-09,North Zone,480925,233463,199808,433271,48.5,41.5,,
2021-08-09,South Zone,311515,181177,161310,342487,58.2,51.8,,
2021-08-10,Calgary Zone,1710558,1180522,1057614,2238136,69,61.8,,
2021-08-10,Central Zone,476672,252298,218959,471257,52.9,45.9,,
2021-08-10,Edmonton Zone,1442008,972581,869832,1842413,67.4,60.3,,
2021-08-10,North Zone,480925,233690,200404,434094,48.6,41.7,,
2021-08-10,South Zone,311515,181299,161576,342875,58.2,51.9,,
2021-08-11,Calgary Zone,1710558,1181550,1060032,2241582,69.1,62,,
2021-08-11,Central Zone,476672,252526,219478,472004,53,46,,
2021-08-11,Edmonton Zone,1442008,973351,871625,1844976,67.5,60.4,,
2021-08-11,North Zone,480925,233994,201061,435055,48.7,41.8,,
2021-08-11,South Zone,311515,181515,161979,343494,58.3,52,,
2021-08-12,Calgary Zone,1710558,1182474,1062361,2244835,69.1,62.1,,
2021-08-12,Central Zone,476672,252811,220060,472871,53,46.2,,
2021-08-12,Edmonton Zone,1442008,974220,873551,1847771,67.6,60.6,,
2021-08-12,North Zone,480925,234278,201625,435903,48.7,41.9,,
2021-08-12,South Zone,311515,181692,162365,344057,58.3,52.1,,
2021-08-15,Calgary Zone,1710558,1184832,1067878,2252710,69.3,62.4,,
2021-08-15,Central Zone,476672,253415,221179,474594,53.2,46.4,,
2021-08-15,Edmonton Zone,1442008,976368,878718,1855086,67.7,60.9,,
2021-08-15,North Zone,480925,234835,202766,437601,48.8,42.2,,
2021-08-15,South Zone,311515,182148,163125,345273,58.5,52.4,,
2021-08-16,Calgary Zone,1710558,1185903,1070005,2255908,69.3,62.6,,
2021-08-16,Central Zone,476672,253735,221729,475464,53.2,46.5,,
2021-08-16,Edmonton Zone,1442008,977201,880509,1857710,67.8,61.1,,
2021-08-16,North Zone,480925,235123,203315,438438,48.9,42.3,,
2021-08-16,South Zone,311515,182411,163444,345855,58.6,52.5,,
2021-08-17,Calgary Zone,1710558,1186955,1072024,2258979,69.4,62.7,,
2021-08-17,Central Zone,476672,254052,222318,476370,53.3,46.6,,
2021-08-17,Edmonton Zone,1442008,977929,882051,1859980,67.8,61.2,,
2021-08-17,North Zone,480925,235430,203846,439276,49,42.4,,
2021-08-17,South Zone,311515,182580,163675,346255,58.6,52.5,,
2021-08-18,Calgary Zone,1710558,1188020,1074105,2262125,69.5,62.8,,
2021-08-18,Central Zone,476672,254364,222821,477185,53.4,46.7,,
2021-08-18,Edmonton Zone,1442008,978813,883765,1862578,67.9,61.3,,
2021-08-18,North Zone,480925,235701,204329,440030,49,42.5,,
2021-08-18,South Zone,311515,182865,164112,346977,58.7,52.7,,
2021-08-19,Calgary Zone,1710558,1189059,1076051,2265110,69.5,62.9,,
2021-08-19,Central Zone,476672,254692,223367,478059,53.4,46.9,,
2021-08-19,Edmonton Zone,1442008,979686,885471,1865157,67.9,61.4,,
2021-08-19,North Zone,480925,235958,204867,440825,49.1,42.6,,
2021-08-19,South Zone,311515,183098,164409,347507,58.8,52.8,,
2021-08-22,Calgary Zone,1710558,1191462,1080854,2272316,69.7,63.2,,
2021-08-22,Central Zone,476672,255306,224401,479707,53.6,47.1,,
2021-08-22,Edmonton Zone,1442008,981795,890119,1871914,68.1,61.7,,
2021-08-22,North Zone,480925,236652,205853,442505,49.2,42.8,,
2021-08-22,South Zone,311515,183565,165196,348761,58.9,53,,
2021-08-23,Calgary Zone,1710558,1192518,1082779,2275297,69.7,63.3,,
2021-08-23,Central Zone,476672,255669,224988,480657,53.6,47.2,,
2021-08-23,Edmonton Zone,1442008,982605,891750,1874355,68.1,61.8,,
2021-08-23,North Zone,480925,236988,206414,443402,49.3,42.9,,
2021-08-23,South Zone,311515,183783,165472,349255,59,53.1,,
2021-08-24,Calgary Zone,1710558,1193660,1084686,2278346,69.8,63.4,,
2021-08-24,Central Zone,476672,256092,225578,481670,53.7,47.3,,
2021-08-24,Edmonton Zone,1442008,983603,893339,1876942,68.2,62,,
2021-08-24,North Zone,480925,237353,206921,444274,49.4,43,,
2021-08-24,South Zone,311515,183994,165724,349718,59.1,53.2,,
2021-08-25,Calgary Zone,1710558,1194954,1086648,2281602,69.9,63.5,,
2021-08-25,Central Zone,476672,256535,226148,482683,53.8,47.4,,
2021-08-25,Edmonton Zone,1442008,984717,895133,1879850,68.3,62.1,,
2021-08-25,North Zone,480925,237784,207450,445234,49.4,43.1,,
2021-08-25,South Zone,311515,184325,166109,350434,59.2,53.3,,
2021-08-26,Calgary Zone,1710558,1196303,1088842,2285145,69.9,63.7,,
2021-08-26,Central Zone,476672,257007,226774,483781,53.9,47.6,,
2021-08-26,Edmonton Zone,1442008,985450,896344,1881794,68.3,62.2,,
2021-08-26,North Zone,480925,238206,208068,446274,49.5,43.3,,
2021-08-26,South Zone,311515,184574,166473,351047,59.3,53.4,,
2021-08-29,Calgary Zone,1710558,1199035,1093638,2292673,70.1,63.9,,
2021-08-29,Central Zone,476672,257908,227973,485881,54.1,47.8,,
2021-08-29,Edmonton Zone,1442008,988506,901649,1890155,68.6,62.5,,
2021-08-29,North Zone,480925,239049,209099,448148,49.7,43.5,,
2021-08-29,South Zone,311515,185055,167083,352138,59.4,53.6,,
2021-08-30,Calgary Zone,1710558,1200026,1095251,2295277,70.2,64,,
2021-08-30,Central Zone,476672,258329,228547,486876,54.2,47.9,,
2021-08-30,Edmonton Zone,1442008,989456,903163,1892619,68.6,62.6,,
2021-08-30,North Zone,480925,239423,209594,449017,49.8,43.6,,
2021-08-30,South Zone,311515,185247,167301,352548,59.5,53.7,,
2021-08-31,Calgary Zone,1710558,1201028,1096970,2297998,70.2,64.1,,
2021-08-31,Central Zone,476672,258724,228959,487683,54.3,48,,
2021-08-31,Edmonton Zone,1442008,990460,904689,1895149,68.7,62.7,,
2021-08-31,North Zone,480925,239789,210006,449795,49.9,43.7,,
2021-08-31,South Zone,311515,185470,167529,352999,59.5,53.8,,
2021-09-01,Calgary Zone,1710558,1202193,1098681,2300874,70.3,64.2,,
2021-09-01,Central Zone,476672,259223,229392,488615,54.4,48.1,,
2021-09-01,Edmonton Zone,1442008,991746,906204,1897950,68.8,62.8,,
2021-09-01,North Zone,480925,240281,210519,450800,50,43.8,,
2021-09-01,South Zone,311515,185769,167854,353623,59.6,53.9,,
2021-09-02,Calgary Zone,1710558,1203506,1100574,2304080,70.4,64.3,,
2021-09-02,Central Zone,476672,259753,229913,489666,54.5,48.2,,
2021-09-02,Edmonton Zone,1442008,993229,907826,1901055,68.9,63,,
2021-09-02,North Zone,480925,240869,211129,451998,50.1,43.9,,
2021-09-02,South Zone,311515,186001,168120,354121,59.7,54,,
2021-09-06,Calgary Zone,1710558,1207902,1106606,2314508,70.6,64.7,,
2021-09-06,Central Zone,476672,261354,231366,492720,54.8,48.5,,
2021-09-06,Edmonton Zone,1442008,997368,913227,1910595,69.2,63.3,,
2021-09-06,North Zone,480925,242280,212533,454813,50.4,44.2,,
2021-09-06,South Zone,311515,186771,168806,355577,60,54.2,,
2021-09-07,Calgary Zone,1710558,1209223,1107939,2317162,70.7,64.8,,
2021-09-07,Central Zone,476672,261940,231833,493773,55,48.6,,
2021-09-07,Edmonton Zone,1442008,998548,914330,1912878,69.2,63.4,,
2021-09-07,North Zone,480925,242942,213049,455991,50.5,44.3,,
2021-09-07,South Zone,311515,187161,169123,356284,60.1,54.3,,
2021-09-08,Calgary Zone,1710558,1210581,1109254,2319835,70.8,64.8,,
2021-09-08,Central Zone,476672,262431,232219,494650,55.1,48.7,,
2021-09-08,Edmonton Zone,1442008,999714,915396,1915110,69.3,63.5,,
2021-09-08,North Zone,480925,243429,213445,456874,50.6,44.4,,
2021-09-08,South Zone,311515,187537,169423,356960,60.2,54.4,,
2021-09-09,Calgary Zone,1710558,1212034,1110717,2322751,70.9,64.9,,
2021-09-09,Central Zone,476672,263028,232716,495744,55.2,48.8,,
2021-09-09,Edmonton Zone,1442008,1000865,916495,1917360,69.4,63.6,,
2021-09-09,North Zone,480925,244082,213976,458058,50.8,44.5,,
2021-09-09,South Zone,311515,187927,169746,357673,60.3,54.5,,
2021-09-12,Calgary Zone,1710558,1215860,1115080,2330940,71.1,65.2,,
2021-09-12,Central Zone,476672,264435,233862,498297,55.5,49.1,,
2021-09-12,Edmonton Zone,1442008,1004746,920570,1925316,69.7,63.8,,
2021-09-12,North Zone,480925,245348,215110,460458,51,44.7,,
2021-09-12,South Zone,311515,188905,170551,359456,60.6,54.7,,
2021-09-13,Calgary Zone,1710558,1217542,1116824,2334366,71.2,65.3,,
2021-09-13,Central Zone,476672,265183,234460,499643,55.6,49.2,,
2021-09-13,Edmonton Zone,1442008,1006272,922043,1928315,69.8,63.9,,
2021-09-13,North Zone,480925,246124,215639,461763,51.2,44.8,,
2021-09-13,South Zone,311515,189283,170840,360123,60.8,54.8,,
2021-09-14,Calgary Zone,1710558,1219099,1118501,2337600,71.3,65.4,,
2021-09-14,Central Zone,476672,265818,234863,500681,55.8,49.3,,
2021-09-14,Edmonton Zone,1442008,1007903,923519,1931422,69.9,64,,
2021-09-14,North Zone,480925,246836,216119,462955,51.3,44.9,,
2021-09-14,South Zone,311515,189655,171096,360751,60.9,54.9,,
2021-09-15,Calgary Zone,1710558,1220642,1119869,2340511,71.4,65.5,,
2021-09-15,Central Zone,476672,266703,235535,502238,56,49.4,,
2021-09-15,Edmonton Zone,1442008,1009867,925140,1935007,70,64.2,,
2021-09-15,North Zone,480925,247931,216960,464891,51.6,45.1,,
2021-09-15,South Zone,311515,190145,171434,361579,61,55,,
2021-09-16,Calgary Zone,1710558,1226020,1123574,2349594,71.7,65.7,,
2021-09-16,Central Zone,476672,269219,236556,505775,56.5,49.6,,
2021-09-16,Edmonton Zone,1442008,1015575,928441,1944016,70.4,64.4,,
2021-09-16,North Zone,480925,250129,218168,468297,52,45.4,,
2021-09-16,South Zone,311515,191446,172005,363451,61.5,55.2,,
2021-09-19,Calgary Zone,1710558,1237686,1131596,2369282,72.4,66.2,,
2021-09-19,Central Zone,476672,273914,238630,512544,57.5,50.1,,
2021-09-19,Edmonton Zone,1442008,1028654,936612,1965266,71.3,65,,
2021-09-19,North Zone,480925,254335,220055,474390,52.9,45.8,,
2021-09-19,South Zone,311515,193828,173252,367080,62.2,55.6,,
2021-09-21,Calgary Zone,1710558,1246296,1138005,2384301,72.9,66.5,,
2021-09-21,Central Zone,476672,277426,240407,517833,58.2,50.4,,
2021-09-21,Edmonton Zone,1442008,1037819,942401,1980220,72,65.4,,
2021-09-21,North Zone,480925,258416,222457,480873,53.7,46.3,,
2021-09-21,South Zone,311515,196087,174398,370485,62.9,56,,
2021-09-22,Calgary Zone,1710558,1249548,1140543,2390091,73,66.7,,
2021-09-22,Central Zone,476672,279084,241256,520340,58.5,50.6,,
2021-09-22,Edmonton Zone,1442008,1041531,944726,1986257,72.2,65.5,,
2021-09-22,North Zone,480925,260361,223541,483902,54.1,46.5,,
2021-09-22,South Zone,311515,196954,174900,371854,63.2,56.1,,
2021-09-23,Calgary Zone,1710558,1253060,1143249,2396309,73.3,66.8,,
2021-09-23,Central Zone,476672,280711,242133,522844,58.9,50.8,,
2021-09-23,Edmonton Zone,1442008,1045218,947131,1992349,72.5,65.7,,
2021-09-23,North Zone,480925,263257,225261,488518,54.7,46.8,,
2021-09-23,South Zone,311515,197954,175466,373420,63.5,56.3,,
2021-09-26,Calgary Zone,1710558,1260968,1149945,2410913,73.7,67.2,,
2021-09-26,Central Zone,476672,283849,244158,528007,59.5,51.2,,
2021-09-26,Edmonton Zone,1442008,1053040,952937,2005977,73,66.1,,
2021-09-26,North Zone,480925,266791,227345,494136,55.5,47.3,,
2021-09-26,South Zone,311515,199778,176545,376323,64.1,56.7,,
2021-09-27,Calgary Zone,1710558,1263771,1152277,2416048,73.9,67.4,,
2021-09-27,Central Zone,476672,285176,244841,530017,59.8,51.4,,
2021-09-27,Edmonton Zone,1442008,1055626,954733,2010359,73.2,66.2,,
2021-09-27,North Zone,480925,268306,228245,496551,55.8,47.5,,
2021-09-27,South Zone,311515,200442,176940,377382,64.3,56.8,,
2021-09-28,Calgary Zone,1710558,1266193,1154291,2420484,74,67.5,,
2021-09-28,Central Zone,476672,286355,245566,531921,60.1,51.5,,
2021-09-28,Edmonton Zone,1442008,1057892,956416,2014308,73.4,66.3,,
2021-09-28,North Zone,480925,269507,228930,498437,56,47.6,,
2021-09-28,South Zone,311515,201142,177387,378529,64.6,56.9,,
2021-09-29,Calgary Zone,1710558,1268692,1156587,2425279,74.2,67.6,,
2021-09-29,Central Zone,476672,287557,246313,533870,60.3,51.7,,
2021-09-29,Edmonton Zone,1442008,1060296,958415,2018711,73.5,66.5,,
2021-09-29,North Zone,480925,270885,229688,500573,56.3,47.8,,
2021-09-29,South Zone,311515,201847,177909,379756,64.8,57.1,,
2021-09-30,Calgary Zone,1710558,1271073,1159056,2430129,74.3,67.8,,
2021-09-30,Central Zone,476672,288740,247060,535800,60.6,51.8,,
2021-09-30,Edmonton Zone,1442008,1062541,960318,2022859,73.7,66.6,,
2021-09-30,North Zone,480925,271937,230417,502354,56.5,47.9,,
2021-09-30,South Zone,311515,202509,178361,380870,65,57.3,,
2021-10-03,Calgary Zone,1710558,1276149,1164704,2440853,74.6,68.1,,
2021-10-03,Central Zone,476672,290888,248842,539730,61,52.2,,
2021-10-03,Edmonton Zone,1442008,1067181,965262,2032443,74,66.9,,
2021-10-03,North Zone,480925,274281,232010,506291,57,48.2,,
2021-10-03,South Zone,311515,203657,179309,382966,65.4,57.6,,
2021-10-04,Calgary Zone,1710558,1278061,1166765,2444826,74.7,68.2,,
2021-10-04,Central Zone,476672,291827,249576,541403,61.2,52.4,,
2021-10-04,Edmonton Zone,1442008,1068832,966812,2035644,74.1,67,,
2021-10-04,North Zone,480925,275209,232676,507885,57.2,48.4,,
2021-10-04,South Zone,311515,204057,179670,383727,65.5,57.7,,
2021-10-05,Calgary Zone,1710558,1279433,1168536,2447969,74.8,68.3,,
2021-10-05,Central Zone,476672,292595,250244,542839,61.4,52.5,,
2021-10-05,Edmonton Zone,1442008,1070198,968334,2038532,74.2,67.2,,
2021-10-05,North Zone,480925,276107,233340,509447,57.4,48.5,,
2021-10-05,South Zone,311515,204502,180073,384575,65.6,57.8,,
2021-10-06,Calgary Zone,1710558,1281091,1170395,2451486,74.9,68.4,,
2021-10-06,Central Zone,476672,293558,250997,544555,61.6,52.7,,
2021-10-06,Edmonton Zone,1442008,1071837,969999,2041836,74.3,67.3,,
2021-10-06,North Zone,480925,277016,234034,511050,57.6,48.7,,
2021-10-06,South Zone,311515,204986,180469,385455,65.8,57.9,,
2021-10-07,Calgary Zone,1710558,1282826,1172557,2455383,75,68.5,,
2021-10-07,Central Zone,476672,294388,251809,546197,61.8,52.8,,
2021-10-07,Edmonton Zone,1442008,1073652,971940,2045592,74.5,67.4,,
2021-10-07,North Zone,480925,278216,234889,513105,57.9,48.8,,
2021-10-07,South Zone,311515,205480,180993,386473,66,58.1,,
2021-10-11,Calgary Zone,1710558,1287591,1179532,2467123,75.3,69,,
2021-10-11,Central Zone,476672,296467,254297,550764,62.2,53.3,,
2021-10-11,Edmonton Zone,1442008,1078333,978522,2056855,74.8,67.9,,
2021-10-11,North Zone,480925,280279,236901,517180,58.3,49.3,,
2021-10-11,South Zone,311515,206431,182112,388543,66.3,58.5,,
2021-10-12,Calgary Zone,1710558,1289216,1182097,2471313,75.4,69.1,,
2021-10-12,Central Zone,476672,297328,255471,552799,62.4,53.6,,
2021-10-12,Edmonton Zone,1442008,1079923,981205,2061128,74.9,68,,
2021-10-12,North Zone,480925,281097,237859,518956,58.4,49.5,,
2021-10-12,South Zone,311515,206879,182674,389553,66.4,58.6,,
2021-10-13,Calgary Zone,1710558,1291047,1184792,2475839,75.5,69.3,,
2021-10-13,Central Zone,476672,298275,256756,555031,62.6,53.9,,
2021-10-13,Edmonton Zone,1442008,1081745,984100,2065845,75,68.2,,
2021-10-13,North Zone,480925,281970,238937,520907,58.6,49.7,,
2021-10-13,South Zone,311515,207391,183328,390719,66.6,58.9,,
2021-10-14,Calgary Zone,1710558,1293013,1187929,2480942,75.6,69.4,,
2021-10-14,Central Zone,476672,299076,258084,557160,62.7,54.1,,
2021-10-14,Edmonton Zone,1442008,1083635,987344,2070979,75.1,68.5,,
2021-10-14,North Zone,480925,282915,240283,523198,58.8,50,,
2021-10-14,South Zone,311515,207834,184016,391850,66.7,59.1,,
2021-10-17,Calgary Zone,1710558,1296087,1196336,2492423,75.8,69.9,,
2021-10-17,Central Zone,476672,300471,261355,561826,63,54.8,,
2021-10-17,Edmonton Zone,1442008,1086361,995834,2082195,75.3,69.1,,
2021-10-17,North Zone,480925,284183,242871,527054,59.1,50.5,,
2021-10-17,South Zone,311515,208475,185632,394107,66.9,59.6,,
2021-10-18,Calgary Zone,1710558,1297061,1199033,2496094,75.8,70.1,,
2021-10-18,Central Zone,476672,301036,262685,563721,63.2,55.1,,
2021-10-18,Edmonton Zone,1442008,1087399,998849,2086248,75.4,69.3,,
2021-10-18,North Zone,480925,284770,244067,528837,59.2,50.7,,
2021-10-18,South Zone,311515,208757,186366,395123,67,59.8,,
2021-10-19,Calgary Zone,1710558,1298034,1201479,2499513,75.9,70.2,,
2021-10-19,Central Zone,476672,301502,263712,565214,63.3,55.3,,
2021-10-19,Edmonton Zone,1442008,1088334,1001359,2089693,75.5,69.4,,
2021-10-19,North Zone,480925,285338,245130,530468,59.3,51,,
2021-10-19,South Zone,311515,208993,186977,395970,67.1,60,,
2021-10-20,Calgary Zone,1710558,1298948,1204112,2503060,75.9,70.4,,
2021-10-20,Central Zone,476672,302041,265086,567127,63.4,55.6,,
2021-10-20,Edmonton Zone,1442008,1089322,1003949,2093271,75.5,69.6,,
2021-10-20,North Zone,480925,285912,246266,532178,59.5,51.2,,
2021-10-20,South Zone,311515,209288,187728,397016,67.2,60.3,,
2021-10-21,Calgary Zone,1710558,1299914,1206871,2506785,76,70.6,,
2021-10-21,Central Zone,476672,302575,266341,568916,63.5,55.9,,
2021-10-21,Edmonton Zone,1442008,1090216,1006671,2096887,75.6,69.8,,
2021-10-21,North Zone,480925,286545,247571,534116,59.6,51.5,,
2021-10-21,South Zone,311515,209595,188502,398097,67.3,60.5,,
2021-10-24,Calgary Zone,1710558,1302475,1214614,2517089,76.1,71,,
2021-10-24,Central Zone,476672,303832,269372,573204,63.7,56.5,,
2021-10-24,Edmonton Zone,1442008,1092733,1014385,2107118,75.8,70.3,,
2021-10-24,North Zone,480925,287669,250391,538060,59.8,52.1,,
2021-10-24,South Zone,311515,210127,190071,400198,67.5,61,,
2021-10-25,Calgary Zone,1710558,1303413,1217823,2521236,76.2,71.2,,
2021-10-25,Central Zone,476672,304299,270681,574980,63.8,56.8,,
2021-10-25,Edmonton Zone,1442008,1093570,1017346,2110916,75.8,70.6,,
2021-10-25,North Zone,480925,288184,251783,539967,59.9,52.4,,
2021-10-25,South Zone,311515,210345,190767,401112,67.5,61.2,,
2021-10-26,Calgary Zone,1710558,1304134,1220277,2524411,76.2,71.3,,
2021-10-26,Central Zone,476672,304821,271849,576670,63.9,57,,
2021-10-26,Edmonton Zone,1442008,1094377,1019895,2114272,75.9,70.7,,
2021-10-26,North Zone,480925,288714,252916,541630,60,52.6,,
2021-10-26,South Zone,311515,210635,191463,402098,67.6,61.5,,
2021-10-27,Calgary Zone,1710558,1304969,1222667,2527636,76.3,71.5,,
2021-10-27,Central Zone,476672,305266,272966,578232,64,57.3,,
2021-10-27,Edmonton Zone,1442008,1095163,1022286,2117449,75.9,70.9,,
2021-10-27,North Zone,480925,289183,253999,543182,60.1,52.8,,
2021-10-27,South Zone,311515,210945,192216,403161,67.7,61.7,,
2021-10-28,Calgary Zone,1710558,1305756,1225119,2530875,76.3,71.6,,
2021-10-28,Central Zone,476672,305655,274014,579669,64.1,57.5,,
2021-10-28,Edmonton Zone,1442008,1095968,1024552,2120520,76,71.1,,
2021-10-28,North Zone,480925,289809,255325,545134,60.3,53.1,,
2021-10-28,South Zone,311515,211187,192829,404016,67.8,61.9,,
2021-10-31,Calgary Zone,1710558,1307895,1231355,2539250,76.5,72,,
2021-10-31,Central Zone,476672,306514,276389,582903,64.3,58,,
2021-10-31,Edmonton Zone,1442008,1097846,1030359,2128205,76.1,71.5,,
2021-10-31,North Zone,480925,290763,257728,548491,60.5,53.6,,
2021-10-31,South Zone,311515,211700,194339,406039,68,62.4,,
2021-11-02,Calgary Zone,1710558,1309493,1235250,2544743,76.6,72.2,,
2021-11-02,Central Zone,476672,307269,278041,585310,64.5,58.3,,
2021-11-02,Edmonton Zone,1442008,1099351,1034036,2133387,76.2,71.7,,
2021-11-02,North Zone,480925,291712,259756,551468,60.7,54,,
2021-11-02,South Zone,311515,212089,195195,407284,68.1,62.7,,
2021-11-03,Calgary Zone,1710558,1310215,1236854,2547069,76.6,72.3,,
2021-11-03,Central Zone,476672,307612,278891,586503,64.5,58.5,,
2021-11-03,Edmonton Zone,1442008,1100067,1035730,2135797,76.3,71.8,,
2021-11-03,North Zone,480925,292081,260703,552784,60.7,54.2,,
2021-11-03,South Zone,311515,212314,195715,408029,68.2,62.8,,
2021-11-04,Calgary Zone,1710558,1310901,1238575,2549476,76.6,72.4,,
2021-11-04,Central Zone,476672,307882,279619,587501,64.6,58.7,,
2021-11-04,Edmonton Zone,1442008,1100741,1037504,2138245,76.3,71.9,,
2021-11-04,North Zone,480925,292459,261691,554150,60.8,54.4,,
2021-11-04,South Zone,311515,212511,196138,408649,68.2,63,,
2021-11-07,Calgary Zone,1710558,1312870,1243456,2556326,76.8,72.7,,
2021-11-07,Central Zone,476672,308552,281678,590230,64.7,59.1,,
2021-11-07,Edmonton Zone,1442008,1101945,1041072,2143017,76.4,72.2,,
2021-11-07,North Zone,480925,293171,263622,556793,61,54.8,,
2021-11-07,South Zone,311515,212940,197226,410166,68.4,63.3,,
2021-11-08,Calgary Zone,1710558,1313626,1245070,2558696,76.8,72.8,,
2021-11-08,Central Zone,476672,308904,282474,591378,64.8,59.3,,
2021-11-08,Edmonton Zone,1442008,1103145,1043782,2146927,76.5,72.4,,
2021-11-08,North Zone,480925,293567,264507,558074,61,55,,
2021-11-08,South Zone,311515,213116,197532,410648,68.4,63.4,,
2021-11-09,Calgary Zone,1710558,1314304,1246540,2560844,76.8,72.9,,
2021-11-09,Central Zone,476672,309208,283146,592354,64.9,59.4,,
2021-11-09,Edmonton Zone,1442008,1103789,1045147,2148936,76.5,72.5,,
2021-11-09,North Zone,480925,293885,265228,559113,61.1,55.1,,
2021-11-09,South Zone,311515,213269,197874,411143,68.5,63.5,,
2021-11-11,Calgary Zone,1710558,1315541,1249377,2564918,76.9,73,,
2021-11-11,Central Zone,476672,309810,284653,594463,65,59.7,,
2021-11-11,Edmonton Zone,1442008,1104909,1047896,2152805,76.6,72.7,,
2021-11-11,North Zone,480925,294472,266509,560981,61.2,55.4,,
2021-11-11,South Zone,311515,213510,198587,412097,68.5,63.7,,
2021-11-14,Calgary Zone,1710558,1317240,1253975,2571215,77,73.3,,
2021-11-14,Central Zone,476672,310570,286764,597334,65.2,60.2,,
2021-11-14,Edmonton Zone,1442008,1106435,1052257,2158692,76.7,73,,
2021-11-14,North Zone,480925,295256,268702,563958,61.4,55.9,,
2021-11-14,South Zone,311515,213933,199757,413690,68.7,64.1,,
2021-11-15,Calgary Zone,1710558,1318119,1256040,2574159,77.1,73.4,,
2021-11-15,Central Zone,476672,311048,287760,598808,65.3,60.4,,
2021-11-15,Edmonton Zone,1442008,1107267,1054151,2161418,76.8,73.1,,
2021-11-15,North Zone,480925,296078,270078,566156,61.6,56.2,,
2021-11-15,South Zone,311515,214128,200206,414334,68.7,64.3,,
2021-11-16,Calgary Zone,1710558,1318930,1257761,2576691,77.1,73.5,,
2021-11-16,Central Zone,476672,311331,288358,599689,65.3,60.5,,
2021-11-16,Edmonton Zone,1442008,1107772,1055353,2163125,76.8,73.2,,
2021-11-16,North Zone,480925,297072,271353,568425,61.8,56.4,,
2021-11-16,South Zone,311515,214327,200587,414914,68.8,64.4,,
2021-11-17,Calgary Zone,1710558,1319762,1259424,2579186,77.2,73.6,,
2021-11-17,Central Zone,476672,311679,289165,600844,65.4,60.7,,
2021-11-17,Edmonton Zone,1442008,1108444,1056717,2165161,76.9,73.3,,
2021-11-17,North Zone,480925,297499,272379,569878,61.9,56.6,,
2021-11-17,South Zone,311515,214539,200988,415527,68.9,64.5,,
2021-11-18,Calgary Zone,1710558,1320557,1261028,2581585,77.2,73.7,,
2021-11-18,Central Zone,476672,311973,289778,601751,65.4,60.8,,
2021-11-18,Edmonton Zone,1442008,1108946,1057886,2166832,76.9,73.4,,
2021-11-18,North Zone,480925,297842,273153,570995,61.9,56.8,,
2021-11-18,South Zone,311515,214698,201332,416030,68.9,64.6,,
2021-11-21,Calgary Zone,1710558,1322927,1265553,2588480,77.3,74,,
2021-11-21,Central Zone,476672,312697,291302,603999,65.6,61.1,,
2021-11-21,Edmonton Zone,1442008,1110409,1061296,2171705,77,73.6,,
2021-11-21,North Zone,480925,298452,274428,572880,62.1,57.1,,
2021-11-21,South Zone,311515,215049,202165,417214,69,64.9,,
2021-11-22,Calgary Zone,1710558,1323653,1267197,2590850,77.4,74.1,,
2021-11-22,Central Zone,476672,312979,291935,604914,65.7,61.2,,
2021-11-22,Edmonton Zone,1442008,1110949,1062488,2173437,77,73.7,,
2021-11-22,North Zone,480925,298864,275182,574046,62.1,57.2,,
2021-11-22,South Zone,311515,215256,202510,417766,69.1,65,,
2021-11-23,Calgary Zone,1710558,1324485,1268751,2593236,77.4,74.2,,
2021-11-23,Central Zone,476672,313229,292448,605677,65.7,61.4,,
2021-11-23,Edmonton Zone,1442008,1111601,1063683,2175284,77.1,73.8,,
2021-11-23,North Zone,480925,299210,275773,574983,62.2,57.3,,
2021-11-23,South Zone,311515,215417,202853,418270,69.2,65.1,,
2021-11-24,Calgary Zone,1710558,1325234,1270004,2595238,77.5,74.2,,
2021-11-24,Central Zone,476672,313525,293042,606567,65.8,61.5,,
2021-11-24,Edmonton Zone,1442008,1112167,1064703,2176870,77.1,73.8,,
2021-11-24,North Zone,480925,299576,276502,576078,62.3,57.5,,
2021-11-24,South Zone,311515,215539,203152,418691,69.2,65.2,,
2021-11-25,Calgary Zone,1709860,1326040,1271536,2597576,77.6,74.4,,
2021-11-25,Central Zone,476754,313881,293642,607523,65.8,61.6,,
2021-11-25,Edmonton Zone,1441540,1112697,1065753,2178450,77.2,73.9,,
2021-11-25,North Zone,480252,301001,277853,578854,62.7,57.9,,
2021-11-25,South Zone,311436,215732,203568,419300,69.3,65.4,,
2021-11-28,Calgary Zone,1710558,1317032,1264228,2581260,77,73.9,,
2021-11-28,Central Zone,476672,312141,292104,604245,65.5,61.3,,
2021-11-28,Edmonton Zone,1442008,1105728,1060145,2165873,76.7,73.5,,
2021-11-28,North Zone,480925,298116,275546,573662,62,57.3,,
2021-11-28,South Zone,311515,214418,202403,416821,68.8,65,,
2021-11-29,Calgary Zone,1709860,1319838,1270118,2589956,77.2,74.3,,
2021-11-29,Central Zone,476754,313231,294310,607541,65.7,61.7,,
2021-11-29,Edmonton Zone,1441540,1107958,1064901,2172859,76.9,73.9,,
2021-11-29,North Zone,480252,301843,279964,581807,62.9,58.3,,
2021-11-29,South Zone,311436,215085,203945,419030,69.1,65.5,,
2021-11-30,Calgary Zone,1709860,1338859,1277043,2615902,78.3,74.7,,
2021-11-30,Central Zone,476754,316956,295754,612710,66.5,62,,
2021-11-30,Edmonton Zone,1441540,1130989,1070367,2201356,78.5,74.3,,
2021-11-30,North Zone,480252,306070,281448,587518,63.7,58.6,,
2021-11-30,South Zone,311436,218793,204939,423732,70.3,65.8,,
2021-12-01,Calgary Zone,1709860,1342780,1277953,2620733,78.5,74.7,,
2021-12-01,Central Zone,476754,317560,296195,613755,66.6,62.1,,
2021-12-01,Edmonton Zone,1441540,1133788,1071266,2205054,78.7,74.3,,
2021-12-01,North Zone,480252,306638,281939,588577,63.8,58.7,,
2021-12-01,South Zone,311436,219246,205239,424485,70.4,65.9,,
2021-12-02,Calgary Zone,1709860,1346403,1278982,2625385,78.7,74.8,,
2021-12-02,Central Zone,476754,318159,296635,614794,66.7,62.2,,
2021-12-02,Edmonton Zone,1441540,1136855,1072288,2209143,78.9,74.4,,
2021-12-02,North Zone,480252,307154,282405,589559,64,58.8,,
2021-12-02,South Zone,311436,219591,205473,425064,70.5,66,,
2021-12-05,Calgary Zone,1709860,1354093,1281434,2635527,79.2,74.9,,
2021-12-05,Central Zone,476754,319597,297669,617266,67,62.4,,
2021-12-05,Edmonton Zone,1441540,1145136,1074357,2219493,79.4,74.5,,
2021-12-05,North Zone,480252,308704,283269,591973,64.3,59,,
2021-12-05,South Zone,311436,220567,205946,426513,70.8,66.1,,
2021-12-06,Calgary Zone,1709860,1357056,1282360,2639416,79.4,75,,
2021-12-06,Central Zone,476754,320076,298037,618113,67.1,62.5,,
2021-12-06,Edmonton Zone,1441540,1147666,1075145,2222811,79.6,74.6,,
2021-12-06,North Zone,480252,309188,283707,592895,64.4,59.1,,
2021-12-06,South Zone,311436,220919,206137,427056,70.9,66.2,,
2021-12-07,Calgary Zone,1709860,1360209,1283144,2643353,79.6,75,,
2021-12-07,Central Zone,476754,320415,298353,618768,67.2,62.6,,
2021-12-07,Edmonton Zone,1441540,1148942,1075811,2224753,79.7,74.6,,
2021-12-07,North Zone,480252,309639,284128,593767,64.5,59.2,,
2021-12-07,South Zone,311436,221207,206353,427560,71,66.3,,
2021-12-08,Calgary Zone,1709860,1362842,1284098,2646940,79.7,75.1,,
2021-12-08,Central Zone,476754,320815,298617,619432,67.3,62.6,,
2021-12-08,Edmonton Zone,1441540,1149983,1076458,2226441,79.8,74.7,,
2021-12-08,North Zone,480252,310060,284491,594551,64.6,59.2,,
2021-12-08,South Zone,311436,221419,206573,427992,71.1,66.3,,
2021-12-09,Calgary Zone,1709860,1365101,1285067,2650168,79.8,75.2,,
2021-12-09,Central Zone,476754,321251,298966,620217,67.4,62.7,,
2021-12-09,Edmonton Zone,1441540,1151328,1077153,2228481,79.9,74.7,,
2021-12-09,North Zone,480252,310662,284942,595604,64.7,59.3,,
2021-12-09,South Zone,311436,221718,206789,428507,71.2,66.4,,
2021-12-12,Calgary Zone,1709860,1372825,1287173,2659998,80.3,75.3,,
2021-12-12,Central Zone,476754,322260,299765,622025,67.6,62.9,,
2021-12-12,Edmonton Zone,1441540,1156109,1078875,2234984,80.2,74.8,,
2021-12-12,North Zone,480252,311505,285654,597159,64.9,59.5,,
2021-12-12,South Zone,311436,222406,207184,429590,71.4,66.5,,
2021-12-13,Calgary Zone,1709860,1374510,1288054,2662564,80.4,75.3,,
2021-12-13,Central Zone,476754,322578,300092,622670,67.7,62.9,,
2021-12-13,Edmonton Zone,1441540,1157113,1079489,2236602,80.3,74.9,,
2021-12-13,North Zone,480252,311841,286029,597870,64.9,59.6,,
2021-12-13,South Zone,311436,222587,207366,429953,71.5,66.6,,
2021-12-14,Calgary Zone,1709860,1376038,1288833,2664871,80.5,75.4,,
2021-12-14,Central Zone,476754,322832,300383,623215,67.7,63,,
2021-12-14,Edmonton Zone,1441540,1157862,1080083,2237945,80.3,74.9,,
2021-12-14,North Zone,480252,312195,286374,598569,65,59.6,,
2021-12-14,South Zone,311436,222719,207535,430254,71.5,66.6,,
2021-12-15,Calgary Zone,1709860,1377436,1289549,2666985,80.6,75.4,,
2021-12-15,Central Zone,476754,323145,300685,623830,67.8,63.1,,
2021-12-15,Edmonton Zone,1441540,1158633,1080778,2239411,80.4,75,,
2021-12-15,North Zone,480252,312504,286714,599218,65.1,59.7,,
2021-12-15,South Zone,311436,223004,207803,430807,71.6,66.7,,
2021-12-16,Calgary Zone,1709860,1378672,1290215,2668887,80.6,75.5,,
2021-12-16,Central Zone,476754,323393,300908,624301,67.8,63.1,,
2021-12-16,Edmonton Zone,1441540,1159366,1081359,2240725,80.4,75,,
2021-12-16,North Zone,480252,312798,287033,599831,65.1,59.8,,
2021-12-16,South Zone,311436,223216,207987,431203,71.7,66.8,,
2021-12-19,Calgary Zone,1709860,1384518,1292116,2676634,81,75.6,,
2021-12-19,Central Zone,476754,324051,301534,625585,68,63.2,,
2021-12-19,Edmonton Zone,1441540,1163643,1083114,2246757,80.7,75.1,,
2021-12-19,North Zone,480252,313644,287688,601332,65.3,59.9,,
2021-12-19,South Zone,311436,223764,208330,432094,71.8,66.9,,
2021-12-22,Calgary Zone,1709860,1389977,1294131,2684108,81.3,75.7,,
2021-12-22,Central Zone,476754,324950,302345,627295,68.2,63.4,,
2021-12-22,Edmonton Zone,1441540,1167142,1084901,2252043,81,75.3,,
2021-12-22,North Zone,480252,314618,288492,603110,65.5,60.1,,
2021-12-22,South Zone,311436,224480,208853,433333,72.1,67.1,,
2021-12-28,Calgary Zone,1709860,1394221,1296318,2690539,81.5,75.8,,
2021-12-28,Central Zone,476754,325714,303043,628757,68.3,63.6,,
2021-12-28,Edmonton Zone,1441540,1170497,1086684,2257181,81.2,75.4,,
2021-12-28,North Zone,480252,315425,289207,604632,65.7,60.2,,
2021-12-28,South Zone,311436,224928,209250,434178,72.2,67.2,,
2022-01-03,Calgary Zone,1709860,1398773,1298882,2697655,81.8,76,,
2022-01-03,Central Zone,476754,326741,303800,630541,68.5,63.7,,
2022-01-03,Edmonton Zone,1441540,1174100,1088784,2262884,81.4,75.5,,
2022-01-03,North Zone,480252,316503,290085,606588,65.9,60.4,,
2022-01-03,South Zone,311436,225661,209660,435321,72.5,67.3,,
2022-01-04,Calgary Zone,1709860,1399689,1299451,2699140,81.9,76,,
2022-01-04,Central Zone,476754,326997,303961,630958,68.6,63.8,,
2022-01-04,Edmonton Zone,1441540,1174927,1089290,2264217,81.5,75.6,,
2022-01-04,North Zone,480252,316795,290314,607109,66,60.5,,
2022-01-04,South Zone,311436,225770,209742,435512,72.5,67.3,,
2022-01-05,Calgary Zone,1709860,1400823,1300035,2700858,81.9,76,,
2022-01-05,Central Zone,476754,327294,304207,631501,68.7,63.8,,
2022-01-05,Edmonton Zone,1441540,1175743,1089806,2265549,81.6,75.6,,
2022-01-05,North Zone,480252,317116,290526,607642,66,60.5,,
2022-01-05,South Zone,311436,225961,209871,435832,72.6,67.4,,
2022-01-06,Calgary Zone,1709860,1401756,1300617,2702373,82,76.1,,
2022-01-06,Central Zone,476754,327602,304465,632067,68.7,63.9,,
2022-01-06,Edmonton Zone,1441540,1176593,1090441,2267034,81.6,75.6,,
2022-01-06,North Zone,480252,317474,290760,608234,66.1,60.5,,
2022-01-06,South Zone,311436,226110,210016,436126,72.6,67.4,,
2022-01-09,Calgary Zone,1709860,1404615,1302266,2706881,82.1,76.2,,
2022-01-09,Central Zone,476754,328235,305019,633254,68.8,64,,
2022-01-09,Edmonton Zone,1441540,1178824,1092249,2271073,81.8,75.8,,
2022-01-09,North Zone,480252,318141,291268,609409,66.2,60.6,,
2022-01-09,South Zone,311436,226677,210289,436966,72.8,67.5,,
2022-01-11,Calgary Zone,1709860,1406741,1303858,2710599,82.3,76.3,,
2022-01-11,Central Zone,476754,328800,305480,634280,69,64.1,,
2022-01-11,Edmonton Zone,1441540,1180540,1093667,2274207,81.9,75.9,,
2022-01-11,North Zone,480252,318743,291784,610527,66.4,60.8,,
2022-01-11,South Zone,311436,226825,210499,437324,72.8,67.6,,
2022-01-12,Calgary Zone,1709860,1407946,1304780,2712726,82.3,76.3,,
2022-01-12,Central Zone,476754,329092,305709,634801,69,64.1,,
2022-01-12,Edmonton Zone,1441540,1181369,1094336,2275705,82,75.9,,
2022-01-12,North Zone,480252,319074,292071,611145,66.4,60.8,,
2022-01-12,South Zone,311436,227040,210692,437732,72.9,67.7,,
2022-01-16,Calgary Zone,1709860,1411910,1307879,2719789,82.6,76.5,,
2022-01-16,Central Zone,476754,330063,306498,636561,69.2,64.3,,
2022-01-16,Edmonton Zone,1441540,1185094,1097332,2282426,82.2,76.1,,
2022-01-16,North Zone,480252,320053,292857,612910,66.6,61,,
2022-01-16,South Zone,311436,227703,211224,438927,73.1,67.8,,
2022-01-18,Calgary Zone,1709860,1413937,1309537,2723474,82.7,76.6,,
2022-01-18,Central Zone,476754,330435,306890,637325,69.3,64.4,,
2022-01-18,Edmonton Zone,1441540,1186580,1098753,2285333,82.3,76.2,,
2022-01-18,North Zone,480252,320489,293266,613755,66.7,61.1,,
2022-01-18,South Zone,311436,227890,211518,439408,73.2,67.9,,
2022-01-19,Calgary Zone,1709860,1414993,1310332,3274860,82.8,76.6,549535,32.1
2022-01-19,Central Zone,476754,330672,307133,760930,69.4,64.4,123125,25.8
2022-01-19,Edmonton Zone,1441540,1187225,1099415,2759612,82.4,76.3,472972,32.8
2022-01-19,North Zone,480252,320720,293503,713529,66.8,61.1,99306,20.7
2022-01-19,South Zone,311436,228104,211673,526405,73.2,68,86628,27.8
2022-01-20,Calgary Zone,1709860,1415995,1311196,3284153,82.8,76.7,556962,32.6
2022-01-20,Central Zone,476754,330873,307341,762528,69.4,64.5,124314,26.1
2022-01-20,Edmonton Zone,1441540,1187812,1100181,2765259,82.4,76.3,477266,33.1
2022-01-20,North Zone,480252,320954,293743,715105,66.8,61.2,100408,20.9
2022-01-20,South Zone,311436,228204,211854,527694,73.3,68,87636,28.1
2022-01-24,Calgary Zone,1709860,1420664,1317164,3317265,83.1,77,579437,33.9
2022-01-24,Central Zone,476754,331492,308504,767181,69.5,64.7,127185,26.7
2022-01-24,Edmonton Zone,1441540,1190171,1105104,2790267,82.6,76.7,494992,34.3
2022-01-24,North Zone,480252,321586,294815,719334,67,61.4,102933,21.4
2022-01-24,South Zone,311436,228574,212623,531191,73.4,68.3,89994,28.9
2022-01-25,Calgary Zone,1709860,1421540,1319248,3326406,83.1,77.2,585618,34.2
2022-01-25,Central Zone,476754,331628,308785,768517,69.6,64.8,128104,26.9
2022-01-25,Edmonton Zone,1441540,1190841,1106919,2796673,82.6,76.8,498913,34.6
2022-01-25,North Zone,480252,321745,295093,720635,67,61.4,103797,21.6
2022-01-25,South Zone,311436,228633,212794,531945,73.4,68.3,90518,29.1
2022-01-26,Calgary Zone,1709860,1422469,1320696,3334058,83.2,77.2,590893,34.6
2022-01-26,Central Zone,476754,331798,309075,769818,69.6,64.8,128945,27
2022-01-26,Edmonton Zone,1441540,1191429,1108462,2802264,82.6,76.9,502373,34.8
2022-01-26,North Zone,480252,321995,295488,722182,67,61.5,104699,21.8
2022-01-26,South Zone,311436,228743,213164,533232,73.4,68.4,91325,29.3
2022-01-27,Calgary Zone,1709860,1423374,1322021,3341559,83.2,77.3,596164,34.9
2022-01-27,Central Zone,476754,331959,309378,771093,69.6,64.9,129756,27.2
2022-01-27,Edmonton Zone,1441540,1192041,1110223,2808129,82.7,77,505865,35.1
2022-01-27,North Zone,480252,322214,295858,723586,67.1,61.6,105514,22
2022-01-27,South Zone,311436,228837,213461,534270,73.5,68.5,91972,29.5
2022-01-30,Calgary Zone,1709860,1425934,1326902,3361764,83.4,77.6,608928,35.6
2022-01-30,Central Zone,476754,332275,310185,773807,69.7,65.1,131347,27.6
2022-01-30,Edmonton Zone,1441540,1194071,1116062,2825620,82.8,77.4,515487,35.8
2022-01-30,North Zone,480252,322605,296701,726298,67.2,61.8,106992,22.3
2022-01-30,South Zone,311436,229079,214263,536798,73.6,68.8,93456,30
2022-01-31,Calgary Zone,1709860,1426505,1328554,3367817,83.4,77.7,612758,35.8
2022-01-31,Central Zone,476754,332399,310448,774652,69.7,65.1,131805,27.6
2022-01-31,Edmonton Zone,1441540,1194491,1117436,2829968,82.9,77.5,518041,35.9
2022-01-31,North Zone,480252,322711,297020,727202,67.2,61.8,107471,22.4
2022-01-31,South Zone,311436,229144,214368,537274,73.6,68.8,93762,30.1
2022-02-01,Calgary Zone,1709860,1426938,1330209,3372844,83.5,77.8,615697,36
2022-02-01,Central Zone,476754,332496,310682,775479,69.7,65.2,132301,27.8
2022-02-01,Edmonton Zone,1441540,1194872,1118537,2833569,82.9,77.6,520160,36.1
2022-02-01,North Zone,480252,322809,297303,727951,67.2,61.9,107839,22.5
2022-02-01,South Zone,311436,229197,214510,537765,73.6,68.9,94058,30.2
2022-02-02,Calgary Zone,1709860,1427332,1331503,3377129,83.5,77.9,618294,36.2
2022-02-02,Central Zone,476754,332591,310881,776234,69.8,65.2,132762,27.8
2022-02-02,Edmonton Zone,1441540,1195187,1119492,2836684,82.9,77.7,522005,36.2
2022-02-02,North Zone,480252,322923,297546,728697,67.2,62,108228,22.5
2022-02-02,South Zone,311436,229271,214750,538504,73.6,69,94483,30.3
2022-02-03,Calgary Zone,1709860,1427754,1332634,3381021,83.5,77.9,620633,36.3
2022-02-03,Central Zone,476754,332714,311132,776996,69.8,65.3,133150,27.9
2022-02-03,Edmonton Zone,1441540,1195553,1120836,2840419,82.9,77.8,524030,36.4
2022-02-03,North Zone,480252,323045,297833,729539,67.3,62,108661,22.6
2022-02-03,South Zone,311436,229330,214896,539077,73.6,69,94851,30.5
2022-02-06,Calgary Zone,1709860,1428973,1337579,3394608,83.6,78.2,628056,36.7
2022-02-06,Central Zone,476754,332938,311735,778708,69.8,65.4,134035,28.1
2022-02-06,Edmonton Zone,1441540,1196698,1125081,2852137,83,78,530358,36.8
2022-02-06,North Zone,480252,323294,298550,731360,67.3,62.2,109516,22.8
2022-02-06,South Zone,311436,229466,215442,540572,73.7,69.2,95664,30.7
2022-02-07,Calgary Zone,1709860,1429251,1338552,3397952,83.6,78.3,630149,36.9
2022-02-07,Central Zone,476754,333017,311899,779333,69.9,65.4,134417,28.2
2022-02-07,Edmonton Zone,1441540,1196937,1125650,2854267,83,78.1,531680,36.9
2022-02-07,North Zone,480252,323375,298785,731993,67.3,62.2,109833,22.9
2022-02-07,South Zone,311436,229490,215535,540873,73.7,69.2,95848,30.8
2022-02-08,Calgary Zone,1709860,1429591,1340064,3401584,83.6,78.4,631929,37
2022-02-08,Central Zone,476754,333079,312105,779945,69.9,65.5,134761,28.3
2022-02-08,Edmonton Zone,1441540,1197163,1126295,2856612,83,78.1,533154,37
2022-02-08,North Zone,480252,323497,299008,732702,67.4,62.3,110197,22.9
2022-02-08,South Zone,311436,229513,215611,541159,73.7,69.2,96035,30.8
2022-02-09,Calgary Zone,1709860,1429993,1341268,3405997,83.6,78.4,634736,37.1
2022-02-09,Central Zone,476754,333145,312301,780641,69.9,65.5,135195,28.4
2022-02-09,Edmonton Zone,1441540,1197405,1127216,2859327,83.1,78.2,534706,37.1
2022-02-09,North Zone,480252,323570,299204,733231,67.4,62.3,110457,23
2022-02-09,South Zone,311436,229577,215836,541719,73.7,69.3,96306,30.9
2022-02-10,Calgary Zone,1709860,1430383,1342095,3409668,83.7,78.5,637190,37.3
2022-02-10,Central Zone,476754,333215,312439,781229,69.9,65.5,135575,28.4
2022-02-10,Edmonton Zone,1441540,1197711,1128338,2862137,83.1,78.3,536088,37.2
2022-02-10,North Zone,480252,323636,299424,733834,67.4,62.3,110774,23.1
2022-02-10,South Zone,311436,229662,216037,542295,73.7,69.4,96596,31
2022-02-13,Calgary Zone,1709860,1431297,1345594,3420223,83.7,78.7,643332,37.6
2022-02-13,Central Zone,476754,333338,312954,782543,69.9,65.6,136251,28.6
2022-02-13,Edmonton Zone,1441540,1197968,1129148,2866344,83.1,78.3,539228,37.4
2022-02-13,North Zone,480252,323799,299912,735159,67.4,62.4,111448,23.2
2022-02-13,South Zone,311436,229750,216434,543284,73.8,69.5,97100,31.2
2022-02-14,Calgary Zone,1709860,1431490,1346326,3422604,83.7,78.7,644788,37.7
2022-02-14,Central Zone,476754,333386,313094,782966,69.9,65.7,136486,28.6
2022-02-14,Edmonton Zone,1441540,1198669,1131794,2871547,83.2,78.5,541084,37.5
2022-02-14,North Zone,480252,323892,300047,735595,67.4,62.5,111656,23.2
2022-02-14,South Zone,311436,229777,216494,543506,73.8,69.5,97235,31.2
2022-02-15,Calgary Zone,1709860,1431697,1347302,3425207,83.7,78.8,646208,37.8
2022-02-15,Central Zone,476754,333411,313208,783321,69.9,65.7,136702,28.7
2022-02-15,Edmonton Zone,1441540,1198851,1132302,2873203,83.2,78.5,542050,37.6
2022-02-15,North Zone,480252,323926,300173,735965,67.4,62.5,111866,23.3
2022-02-15,South Zone,311436,229804,216541,543734,73.8,69.5,97389,31.3
2022-02-16,Calgary Zone,1709860,1431951,1348318,3427715,83.7,78.9,647446,37.9
2022-02-16,Central Zone,476754,333454,313352,783679,69.9,65.7,136873,28.7
2022-02-16,Edmonton Zone,1441540,1199043,1133066,2875123,83.2,78.6,543014,37.7
2022-02-16,North Zone,480252,323960,300305,736300,67.5,62.5,112035,23.3
2022-02-16,South Zone,311436,229834,216654,544048,73.8,69.6,97560,31.3
2022-02-17,Calgary Zone,1709860,1432279,1349536,3430731,83.8,78.9,648916,38
2022-02-17,Central Zone,476754,333495,313479,784043,70,65.8,137069,28.8
2022-02-17,Edmonton Zone,1441540,1199262,1133886,2877099,83.2,78.7,543951,37.7
2022-02-17,North Zone,480252,324086,300494,736867,67.5,62.6,112287,23.4
2022-02-17,South Zone,311436,229853,216753,544317,73.8,69.6,97711,31.4
2022-02-22,Calgary Zone,1709860,1433315,1353902,3441688,83.8,79.2,654471,38.3
2022-02-22,Central Zone,476754,333635,313953,785315,70,65.9,137727,28.9
2022-02-22,Edmonton Zone,1441540,1199888,1136376,2884015,83.2,78.8,547751,38
2022-02-22,North Zone,480252,324302,300971,738195,67.5,62.7,112922,23.5
2022-02-22,South Zone,311436,229968,217148,545381,73.8,69.7,98265,31.6
2022-02-23,Calgary Zone,1709860,1433490,1354563,3443483,83.8,79.2,655430,38.3
2022-02-23,Central Zone,476754,333667,314063,785602,70,65.9,137872,28.9
2022-02-23,Edmonton Zone,1441540,1200017,1136826,2885243,83.2,78.9,548400,38
2022-02-23,North Zone,480252,324343,301102,738535,67.5,62.7,113090,23.5
2022-02-23,South Zone,311436,230034,217340,545799,73.9,69.8,98425,31.6
2022-02-24,Calgary Zone,1709860,1433647,1355034,3445058,83.8,79.2,656377,38.4
2022-02-24,Central Zone,476754,333704,314196,785927,70,65.9,138027,29
2022-02-24,Edmonton Zone,1441540,1200142,1137239,2886536,83.3,78.9,549155,38.1
2022-02-24,North Zone,480252,324370,301221,738841,67.5,62.7,113250,23.6
2022-02-24,South Zone,311436,230044,217407,545977,73.9,69.8,98526,31.6
2022-02-27,Calgary Zone,1709860,1434066,1357238,3450465,83.9,79.4,659161,38.6
2022-02-27,Central Zone,476754,333778,314450,786580,70,66,138352,29
2022-02-27,Edmonton Zone,1441540,1200557,1138968,2890573,83.3,79,551048,38.2
2022-02-27,North Zone,480252,324457,301520,739530,67.6,62.8,113553,23.6
2022-02-27,South Zone,311436,230102,217610,546488,73.9,69.9,98776,31.7
2022-03-01,Calgary Zone,1709860,1434317,1358199,3453331,83.9,79.4,660815,38.6
2022-03-01,Central Zone,476754,333825,314590,787028,70,66,138613,29.1
2022-03-01,Edmonton Zone,1441540,1200773,1139480,2892346,83.3,79,552093,38.3
2022-03-01,North Zone,480252,324531,301693,740077,67.6,62.8,113853,23.7
2022-03-01,South Zone,311436,230143,217674,546731,73.9,69.9,98914,31.8
2022-03-02,Calgary Zone,1709860,1434415,1358547,3453998,83.9,79.5,661036,38.7
2022-03-02,Central Zone,476754,333842,314661,787154,70,66,138651,29.1
2022-03-02,Edmonton Zone,1441540,1200834,1139805,2892917,83.3,79.1,552278,38.3
2022-03-02,North Zone,480252,324539,301786,740187,67.6,62.8,113862,23.7
2022-03-02,South Zone,311436,230150,217721,546813,73.9,69.9,98942,31.8
2022-03-03,Calgary Zone,1709860,1434519,1358886,3455122,83.9,79.5,661717,38.7
2022-03-03,Central Zone,476754,333877,314729,787358,70,66,138752,29.1
2022-03-03,Edmonton Zone,1441540,1200954,1140373,2894032,83.3,79.1,552705,38.3
2022-03-03,North Zone,480252,324573,301890,740434,67.6,62.9,113971,23.7
2022-03-03,South Zone,311436,230167,217770,546955,73.9,69.9,99018,31.8
2022-03-06,Calgary Zone,1709860,1434885,1360473,3459177,83.9,79.6,663819,38.8
2022-03-06,Central Zone,476754,333945,314967,787934,70,66.1,139022,29.2
2022-03-06,Edmonton Zone,1441540,1201258,1141858,2897229,83.3,79.2,554113,38.4
2022-03-06,North Zone,480252,324629,302145,740967,67.6,62.9,114193,23.8
2022-03-06,South Zone,311436,230216,217947,547376,73.9,70,99213,31.9
2022-03-07,Calgary Zone,1709860,1434980,1360841,3460182,83.9,79.6,664361,38.9
2022-03-07,Central Zone,476754,333965,315022,788107,70,66.1,139120,29.2
2022-03-07,Edmonton Zone,1441540,1201351,1142102,2897956,83.3,79.2,554503,38.5
2022-03-07,North Zone,480252,324659,302232,741180,67.6,62.9,114289,23.8
2022-03-07,South Zone,311436,230222,217967,547447,73.9,70,99258,31.9
2022-03-08,Calgary Zone,1709860,1435198,1361275,3461467,83.9,79.6,664994,38.9
2022-03-08,Central Zone,476754,333991,315094,788299,70.1,66.1,139214,29.2
2022-03-08,Edmonton Zone,1441540,1201433,1142339,2898643,83.3,79.2,554871,38.5
2022-03-08,North Zone,480252,324699,302336,741433,67.6,63,114398,23.8
2022-03-08,South Zone,311436,230233,217991,547551,73.9,70,99327,31.9
2022-03-09,Calgary Zone,1709860,1435321,1361629,3462467,83.9,79.6,665517,38.9
2022-03-09,Central Zone,476754,334017,315164,788481,70.1,66.1,139300,29.2
2022-03-09,Edmonton Zone,1441540,1201502,1142582,2899368,83.3,79.3,555284,38.5
2022-03-09,North Zone,480252,324737,302495,741732,67.6,63,114500,23.8
2022-03-09,South Zone,311436,230256,218071,547739,73.9,70,99412,31.9
2022-03-10,Calgary Zone,1709860,1435425,1361880,3463307,83.9,79.6,666002,39
2022-03-10,Central Zone,476754,334037,315226,788641,70.1,66.1,139378,29.2
2022-03-10,Edmonton Zone,1441540,1201588,1142925,2900213,83.4,79.3,555700,38.5
2022-03-10,North Zone,480252,324776,302633,742006,67.6,63,114597,23.9
2022-03-10,South Zone,311436,230268,218111,547856,73.9,70,99477,31.9
2022-03-13,Calgary Zone,1709860,1435726,1363258,3466772,84,79.7,667788,39.1
2022-03-13,Central Zone,476754,334082,315433,789123,70.1,66.2,139608,29.3
2022-03-13,Edmonton Zone,1441540,1201849,1144089,2902971,83.4,79.4,557033,38.6
2022-03-13,North Zone,480252,324834,302865,742504,67.6,63.1,114805,23.9
2022-03-13,South Zone,311436,230319,218349,548339,74,70.1,99671,32
2022-03-14,Calgary Zone,1709860,1435823,1363537,3468295,84,79.7,668935,39.1
2022-03-14,Central Zone,476754,334119,315515,789406,70.1,66.2,139772,29.3
2022-03-14,Edmonton Zone,1441540,1201940,1144347,2904343,83.4,79.4,558056,38.7
2022-03-14,North Zone,480252,324863,302980,742782,67.6,63.1,114939,23.9
2022-03-14,South Zone,311436,230365,218404,548623,74,70.1,99854,32.1
2022-03-15,Calgary Zone,1709860,1435974,1363888,3469736,84,79.8,669874,39.2
2022-03-15,Central Zone,476754,334144,315585,789645,70.1,66.2,139916,29.3
2022-03-15,Edmonton Zone,1441540,1202046,1144589,2905559,83.4,79.4,558924,38.8
2022-03-15,North Zone,480252,324898,303063,743021,67.7,63.1,115060,24
2022-03-15,South Zone,311436,230373,218423,548720,74,70.1,99924,32.1
2022-03-16,Calgary Zone,1709860,1436095,1364190,3471024,84,79.8,670739,39.2
2022-03-16,Central Zone,476754,334187,315673,789942,70.1,66.2,140082,29.4
2022-03-16,Edmonton Zone,1441540,1202126,1144808,2906575,83.4,79.4,559641,38.8
2022-03-16,North Zone,480252,324916,303148,743251,67.7,63.1,115187,24
2022-03-16,South Zone,311436,230400,218494,548957,74,70.2,100063,32.1
2022-03-17,Calgary Zone,1709860,1436202,1364492,3472297,84,79.8,671603,39.3
2022-03-17,Central Zone,476754,334203,315740,790207,70.1,66.2,140264,29.4
2022-03-17,Edmonton Zone,1441540,1202198,1145021,2907661,83.4,79.4,560442,38.9
2022-03-17,North Zone,480252,324948,303223,743483,67.7,63.1,115312,24
2022-03-17,South Zone,311436,230415,218564,549143,74,70.2,100164,32.2
2022-03-21,Calgary Zone,1709860,1436636,1366448,3479078,84,79.9,675994,39.5
2022-03-21,Central Zone,476754,334280,315993,791026,70.1,66.3,140753,29.5
2022-03-21,Edmonton Zone,1441540,1202544,1146150,2912358,83.4,79.5,563664,39.1
2022-03-21,North Zone,480252,325044,303559,744330,67.7,63.2,115727,24.1
2022-03-21,South Zone,311436,230478,218735,549775,74,70.2,100562,32.3
2022-03-28,Calgary Zone,1709860,1437432,1369180,3488165,84.1,80.1,681553,39.9
2022-03-28,Central Zone,476754,334400,316438,792308,70.1,66.4,141470,29.7
2022-03-28,Edmonton Zone,1441540,1203165,1148187,2919130,83.5,79.7,567778,39.4
2022-03-28,North Zone,480252,325187,304024,745559,67.7,63.3,116348,24.2
2022-03-28,South Zone,311436,230577,218996,550785,74,70.3,101212,32.5
2022-04-04,Calgary Zone,1709860,1438103,1371184,3495085,84.1,80.2,685798,40.1
2022-04-04,Central Zone,476754,334538,316883,793542,70.2,66.5,142121,29.8
2022-04-04,Edmonton Zone,1441540,1203748,1149891,2924895,83.5,79.8,571256,39.6
2022-04-04,North Zone,480252,325328,304447,746709,67.7,63.4,116934,24.3
2022-04-04,South Zone,311436,230703,219285,551656,74.1,70.4,101668,32.6
2022-04-11,Calgary Zone,1709860,1438759,1372704,3501633,84.1,80.3,690170,40.4
2022-04-11,Central Zone,476754,334623,317151,794583,70.2,66.5,142809,30
2022-04-11,Edmonton Zone,1441540,1204256,1151166,2929929,83.5,79.9,574507,39.9
2022-04-11,North Zone,480252,325502,304764,747827,67.8,63.5,117561,24.5
2022-04-11,South Zone,311436,230767,219515,552395,74.1,70.5,102113,32.8
2022-04-18,Calgary Zone,1709860,1439563,1374293,3508245,84.2,80.4,694389,40.6
2022-04-18,Central Zone,476754,334745,317408,795608,70.2,66.6,143455,30.1
2022-04-18,Edmonton Zone,1441540,1204860,1152307,2934816,83.6,79.9,577649,40.1
2022-04-18,North Zone,480252,325648,305039,748803,67.8,63.5,118116,24.6
2022-04-18,South Zone,311436,230883,219686,553175,74.1,70.5,102606,32.9
2022-04-25,Calgary Zone,1709860,1440394,1375792,3514166,84.2,80.5,697980,40.8
2022-04-25,Central Zone,476754,334876,317675,796588,70.2,66.6,144037,30.2
2022-04-25,Edmonton Zone,1441540,1205486,1153305,2939078,83.6,80,580287,40.3
2022-04-25,North Zone,480252,325835,305301,749751,67.8,63.6,118615,24.7
2022-04-25,South Zone,311436,231002,219902,553986,74.2,70.6,103082,33.1
2022-05-02,Calgary Zone,1709860,1441313,1377225,3521732,84.3,80.5,703194,41.1
2022-05-02,Central Zone,476754,335071,318006,798094,70.3,66.7,145017,30.4
2022-05-02,Edmonton Zone,1441540,1206201,1154459,2945130,83.7,80.1,584470,40.5
2022-05-02,North Zone,480252,326079,305644,751124,67.9,63.6,119401,24.9
2022-05-02,South Zone,311436,231125,220085,554978,74.2,70.7,103768,33.3
2022-05-09,Calgary Zone,1709860,1442156,1378266,3526385,84.3,80.6,705963,41.3
2022-05-09,Central Zone,476754,335227,318206,798849,70.3,66.7,145416,30.5
2022-05-09,Edmonton Zone,1441540,1206820,1155310,2948607,83.7,80.1,586477,40.7
2022-05-09,North Zone,480252,326238,305860,751920,67.9,63.7,119822,24.9
2022-05-09,South Zone,311436,231219,220236,555579,74.2,70.7,104124,33.4
2022-05-16,Calgary Zone,1709860,1442971,1379288,3530721,84.4,80.7,708462,41.4
2022-05-16,Central Zone,476754,335380,318398,799630,70.3,66.8,145852,30.6
2022-05-16,Edmonton Zone,1441540,1207374,1156001,2951533,83.8,80.2,588158,40.8
2022-05-16,North Zone,480252,326410,306123,752714,68,63.7,120181,25
2022-05-16,South Zone,311436,231339,220384,556200,74.3,70.8,104477,33.5
2022-05-23,Calgary Zone,1709860,1443596,1380242,3534403,84.4,80.7,710565,41.6
2022-05-23,Central Zone,476754,335516,318581,800259,70.4,66.8,146162,30.7
2022-05-23,Edmonton Zone,1441540,1207844,1156704,2954217,83.8,80.2,589669,40.9
2022-05-23,North Zone,480252,326544,306340,753324,68,63.8,120440,25.1
2022-05-23,South Zone,311436,231422,220509,556639,74.3,70.8,104708,33.6
2022-05-30,Calgary Zone,1709860,1444287,1381128,3538196,84.5,80.8,712781,41.7
2022-05-30,Central Zone,476754,335647,318784,800911,70.4,66.9,146480,30.7
2022-05-30,Edmonton Zone,1441540,1208365,1157445,2957137,83.8,80.3,591327,41
2022-05-30,North Zone,480252,326705,306546,753963,68,63.8,120712,25.1
2022-05-30,South Zone,311436,231522,220645,557104,74.3,70.8,104937,33.7
2022-06-06,Calgary Zone,1709860,1444920,1382053,3541736,84.5,80.8,714763,41.8
2022-06-06,Central Zone,476754,335774,318992,801596,70.4,66.9,146830,30.8
2022-06-06,Edmonton Zone,1441540,1208829,1158162,2959804,83.9,80.3,592813,41.1
2022-06-06,North Zone,480252,326800,306747,754556,68,63.9,121009,25.2
2022-06-06,South Zone,311436,231621,220763,557578,74.4,70.9,105194,33.8
2022-06-13,Calgary Zone,1709860,1445481,1382915,3544847,84.5,80.9,716451,41.9
2022-06-13,Central Zone,476754,335856,319150,802086,70.4,66.9,147080,30.9
2022-06-13,Edmonton Zone,1441540,1209329,1158881,2962291,83.9,80.4,594081,41.2
2022-06-13,North Zone,480252,326928,306989,755211,68.1,63.9,121294,25.3
2022-06-13,South Zone,311436,231704,220896,557969,74.4,70.9,105369,33.8
2022-06-20,Calgary Zone,1709860,1445885,1383482,3546968,84.6,80.9,717601,42
2022-06-20,Central Zone,476754,335927,319257,802427,70.5,67,147243,30.9
2022-06-20,Edmonton Zone,1441540,1209616,1159348,2963927,83.9,80.4,594963,41.3
2022-06-20,North Zone,480252,326977,307100,755558,68.1,63.9,121481,25.3
2022-06-20,South Zone,311436,231754,220962,558202,74.4,70.9,105486,33.9
2022-06-27,Calgary Zone,1709860,1446224,1384127,3549284,84.6,80.9,718933,42
2022-06-27,Central Zone,476754,335977,319372,802778,70.5,67,147429,30.9
2022-06-27,Edmonton Zone,1441540,1209921,1159863,2965751,83.9,80.5,595967,41.3
2022-06-27,North Zone,480252,327044,307232,755935,68.1,64,121659,25.3
2022-06-27,South Zone,311436,231808,221040,558461,74.4,71,105613,33.9
2022-07-04,Calgary Zone,1709860,1446676,1384778,3551826,84.6,81,720372,42.1
2022-07-04,Central Zone,476754,336025,319492,803114,70.5,67,147597,31
2022-07-04,Edmonton Zone,1441540,1210121,1160302,2967420,83.9,80.5,596997,41.4
2022-07-04,North Zone,480252,327110,307338,756322,68.1,64,121874,25.4
2022-07-04,South Zone,311436,231855,221123,558738,74.4,71,105760,34
2022-07-11,Calgary Zone,1709860,1447115,1385431,3554671,84.6,81,722125,42.2
2022-07-11,Central Zone,476754,336109,319621,803593,70.5,67,147863,31
2022-07-11,Edmonton Zone,1441540,1210499,1160918,2969772,84,80.5,598355,41.5
2022-07-11,North Zone,480252,327179,307451,756752,68.1,64,122122,25.4
2022-07-11,South Zone,311436,231913,221230,559112,74.5,71,105969,34
